pos	Gene_ID	Chrom	REF	ALT	Effect_type	Description	rs#	alleles	chrom	strand	assembly#	center	protLSID	assayLSID	panel	QCcode	REF	sample207	sample209	sample211	sample212	sample214	sample216	sample217	sample220	sample223	sample224	sample226	sample227	sample229	sample231	sample233	sample234	sample235	sample236	sample240	sample241	sample242	sample243	sample244	sample246	sample247	sample249	sample250	sample251	sample252	sample253	sample254	sample255	sample256	sample257	sample258	sample259	sample260	sample261	sample263	sample264	sample265	sample269	sample270	sample1473	sample271	sample274	sample276	sample277	sample278	sample279	sample280	sample281	sample282	sample283	sample284	sample285	sample286	sample287	sample290	sample292	sample293	sample294	sample295	sample296	sample298	sample299	sample300	sample301	sample302	sample303	sample305	sample306	sample307	sample308	sample309	sample310	sample311	sample312	sample313	sample314	sample315	sample317	sample318	sample319	sample320	sample321	sample323	sample324	sample325	sample326	sample327	sample328	sample329	sample331	sample332	sample333	sample334	sample339	sample340	sample341	sample342	sample343	sample344	sample345	sample1932	sample1023	sample346	sample347	sample348	sample349	sample350	sample351	sample1024	sample352	sample1942	sample1025	sample353	sample1026	sample1027	sample354	sample355	sample357	sample358	sample359	sample360	sample361	sample363	sample364	sample365	sample366	sample368	sample369	sample370	sample372	sample373	sample374	sample375	sample376	sample377	sample378	sample379	sample380	sample382	sample383	sample384	sample385	sample386	sample387	sample388	sample389	sample390	sample391	sample393	sample394	sample395	sample396	sample397	sample398	sample403	sample404	sample405	sample406	sample407	sample408	sample411	sample430	sample1038	sample1040	sample460	sample466	sample1046	sample1048	sample1051	sample468	sample470	sample1052	sample1053	sample471	sample1054	sample1055	sample474	sample1056	sample1057	sample1058	sample1059	sample476	sample477	sample478	sample1061	sample1062	sample1063	sample1070	sample484	sample1073	sample486	sample487	sample1075	sample1076	sample490	sample1077	sample1078	sample492	sample1079	sample493	sample1080	sample494	sample1081	sample1083	sample1085	sample1086	sample497	sample498	sample1087	sample1088	sample1089	sample1090	sample499	sample1093	sample502	sample1097	sample503	sample505	sample1099	sample1100	sample1101	sample507	sample1102	sample508	sample1106	sample1107	sample1118	sample1119	sample514	sample515	sample1122	sample518	sample1123	sample519	sample1124	sample1125	sample1126	sample522	sample1127	sample1130	sample1131	sample1132	sample1133	sample1134	sample1136	sample1137	sample1139	sample526	sample1140	sample1141	sample1142	sample527	sample528	sample1143	sample529	sample532	sample533	sample534	sample1144	sample535	sample536	sample1164	sample1165	sample1477	sample1166	sample1946	sample1481	sample1494	sample1964	sample1174	sample1499	sample1179	sample1181	sample1183	sample1192	sample1967	sample1968	sample1969	sample1193	sample1194	sample1195	sample1197	sample1198	sample1199	sample1200	sample1483	sample1201	sample1202	sample1203	sample1204	sample1206	sample1484	sample1501	sample1215	sample1216	sample1217	sample1218	sample1971	sample1219	sample1225	sample2072	sample1485	sample1486	sample1233	sample1234	sample2117	sample1488	sample1237	sample1238	sample2121	sample2123	sample2124	sample2125	sample1239	sample1240	sample1243	sample1491	sample1244	sample2130	sample1505	sample1245	sample2133	sample2134	sample1508	sample1509	sample1511	sample1512	sample1246	sample1251	sample2136	sample1252	sample1254	sample1514	sample1255	sample2137	sample2138	sample2142	sample1516	sample1256	sample2144	sample2145	sample1257	sample1258	sample1259	sample1517	sample1518	sample2146	sample1260	sample1261	sample1262	sample2147	sample1263	sample2148	sample2149	sample2150	sample1264	sample2151	sample1265	sample1266	sample2152	sample1519	sample2153	sample1520	sample2154	sample2155	sample2156	sample1267	sample2157	sample2158	sample1502	sample2159	sample2160	sample2161	sample1268	sample2162	sample2163	sample2164	sample1521	sample2165	sample1522	sample1523	sample1524	sample2166	sample1269	sample1270	sample1525	sample2167	sample1271	sample2168	sample1526	sample2169	sample1273	sample1527	sample1603	sample2170	sample1274	sample1528	sample1275	sample1276	sample1529	sample1277	sample1531	sample1278	sample1532	sample1279	sample1280	sample1533	sample1281	sample1534	sample1283	sample1535	sample1284	sample1536	sample1537	sample1538	sample1285	sample1286	sample1287	sample1288	sample1289	sample1290	sample2171	sample1291	sample1539	sample1540	sample1292	sample1293	sample1541	sample1543	sample1294	sample1544	sample2172	sample1545	sample2173	sample2174	sample1298	sample1547	sample1548	sample1300	sample1301	sample1604	sample1303	sample2175	sample1304	sample1306	sample1549	sample1550	sample1308	sample1309	sample1310	sample1311	sample2176	sample1605	sample1554	sample1313	sample1555	sample1556	sample1557	sample1558	sample1559	sample1560	sample1316	sample1562	sample1565	sample1318	sample1566	sample1319	sample1567	sample1321	sample1322	sample1323	sample1324	sample1325	sample1569	sample1570	sample1571	sample1572	sample1326	sample1327	sample1609	sample1328	sample1329	sample1573	sample1330	sample1574	sample1575	sample1576	sample1332	sample1333	sample1334	sample1335	sample1336	sample1337	sample1338	sample1339	sample1340	sample1341	sample1342	sample1345	sample1346	sample1577	sample1347	sample1348	sample1349	sample1350	sample2196	sample2178	sample1579	sample1580	sample608	sample609	sample1352	sample32	sample1398	sample1405	sample2181	sample1581	sample1426	sample1953	sample1441	sample1443	sample2197	sample1958	sample1454	sample1461	sample1462	sample1467	sample1469	sample1472	sample657	sample661	sample663	sample1960	sample671	sample672	sample675	sample676	sample677	sample1961	sample678	sample679	sample680	sample681	sample682	sample1582	sample1972	sample1973	sample683	sample684	sample685	sample686	sample1974	sample687	sample688	sample689	sample690	sample691	sample692	sample693	sample694	sample695	sample696	sample697	sample698	sample699	sample701	sample702	sample703	sample705	sample706	sample1976	sample708	sample709	sample710	sample711	sample712	sample713	sample714	sample718	sample720	sample1583	sample721	sample722	sample723	sample724	sample1585	sample1979	sample727	sample1980	sample1587	sample1588	sample730	sample731	sample732	sample733	sample1981	sample734	sample735	sample736	sample738	sample1983	sample740	sample1589	sample741	sample743	sample744	sample745	sample746	sample1593	sample747	sample748	sample749	sample1594	sample751	sample752	sample753	sample754	sample756	sample1986	sample758	sample765	sample766	sample767	sample769	sample770	sample1612	sample1597	sample1598	sample1987	sample1599	sample771	sample773	sample774	sample778	sample779	sample1613	sample1713	sample780	sample1614	sample1989	sample782	sample783	sample784	sample786	sample787	sample788	sample789	sample790	sample1616	sample791	sample1618	sample797	sample808	sample810	sample811	sample1991	sample812	sample813	sample815	sample2198	sample816	sample818	sample819	sample820	sample821	sample822	sample138
4952766	Glyma.18G056600	18	G	C	five_prime_UTR		Gm18_4952766	G/C	18	+							G	N	G	G	N	G	N	N	G	G	G	G	N	G	G	G	G	G	G	G	N	N	G	N	G	G	G	G	N	N	G	N	G	G	G	N	N	G	G	G	N	G	N	G	G	G	G	G	N	G	G	G	G	G	N	G	G	G	G	G	G	G	N	G	G	G	G	G	G	G	G	N	G	G	G	G	N	G	G	G	N	G	N	N	G	N	G	G	G	N	G	G	G	G	G	N	G	G	G	N	G	G	N	G	G	N	N	G	G	G	G	G	N	G	N	G	G	G	G	G	G	G	G	G	G	G	G	G	G	G	G	G	G	G	G	N	G	G	G	G	G	G	G	N	G	G	N	G	G	G	G	G	N	N	G	G	G	G	G	G	G	G	N	G	G	G	N	G	G	G	G	G	G	G	G	G	G	N	G	G	G	G	G	G	G	G	N	G	G	G	G	G	G	G	G	G	N	G	G	G	G	G	N	G	G	G	G	N	G	G	N	G	G	G	N	N	N	N	G	N	G	G	N	G	G	N	N	G	G	G	G	G	G	G	G	G	G	G	N	G	G	G	G	G	N	G	G	G	G	G	G	N	N	G	G	G	G	N	G	G	G	G	G	G	N	N	G	G	G	N	G	G	G	G	G	G	N	G	G	G	G	G	G	G	G	G	G	G	N	G	G	G	G	G	N	N	G	G	G	G	G	G	N	G	G	G	G	G	G	G	G	N	N	G	G	G	N	N	N	N	G	G	G	G	G	G	G	G	G	N	N	N	G	N	G	G	G	G	G	G	G	G	G	G	G	G	G	G	N	G	G	G	N	G	G	G	G	G	G	G	G	N	G	G	N	N	G	G	G	G	G	G	G	G	G	N	G	N	G	G	G	G	G	G	N	G	G	G	G	G	N	G	N	G	G	G	N	G	N	G	G	G	N	G	G	G	G	G	G	G	G	G	N	G	G	G	G	G	G	N	N	N	G	G	G	G	G	G	G	G	G	G	G	N	G	G	G	G	G	G	N	G	G	G	N	G	G	G	N	G	G	G	G	G	G	G	G	G	N	G	G	G	G	G	G	N	G	G	G	G	G	G	G	G	G	G	G	G	G	G	G	G	G	G	G	N	N	G	G	G	G	N	G	G	G	G	G	G	G	G	N	G	G	G	G	G	G	G	G	G	G	G	G	G	G	G	G	G	G	G	N	G	G	G	G	G	G	G	G	G	G	G	G	G	N	G	G	G	G	G	G	G	G	G	G	G	G	G	G	N	G	G	N	G	G	G	G	G	N	G	G	G	G	N	G	N	G	G	G	G	G	N	N	G	G	G	G	G	N	G	G	G	G	G	N	N	G	G	N	G	G	G	N	G	G	N	G	G	G	N	G	N	G	G	G	G	G	G	G	G	G	G	G	G	G	G	G	G	G	G	G	G	G	G	G	G	G	G	G	G	G	N	G	G	G	N	G	G	G	G	G	G	G	N	G	G	G	G	G	G	N	G	N	G	G	G	N	G	G	G	G	G	G	G	G	G	G	G	G	G	G	N
4952772	Glyma.18G056600	18	T	C	five_prime_UTR		Gm18_4952772	T/C	18	+							T	N	T	T	N	T	N	N	T	T	T	T	T	N	T	T	T	T	T	T	N	N	T	N	T	T	T	T	N	N	T	N	T	T	T	N	N	T	T	T	N	T	N	T	T	T	T	T	N	T	T	N	T	T	N	N	T	T	T	T	T	T	N	T	T	T	T	T	T	T	T	N	T	T	T	T	T	T	T	N	T	T	N	T	T	N	T	T	N	N	T	T	T	T	T	N	T	T	T	N	T	T	N	T	T	N	N	T	T	T	T	T	N	T	T	T	T	T	T	T	T	T	T	T	T	T	T	T	T	T	T	T	T	T	T	N	T	T	T	T	T	T	T	N	T	T	N	T	T	T	T	T	N	N	T	T	T	T	T	T	T	T	N	N	T	T	N	T	T	T	T	T	T	T	T	T	T	N	T	T	N	T	T	T	T	T	N	T	T	T	T	T	T	T	T	T	N	T	T	T	T	T	N	T	T	T	T	N	T	T	N	T	T	T	N	N	N	T	T	T	T	T	N	T	T	N	N	N	T	T	T	T	T	T	T	T	T	T	N	T	T	T	T	T	N	T	T	T	T	T	T	N	N	T	T	T	T	N	T	T	T	T	T	T	N	N	T	T	T	N	T	T	T	N	T	T	N	T	T	T	T	T	T	T	T	T	T	T	N	T	T	T	T	T	N	N	T	T	T	T	T	T	N	T	N	T	T	T	T	T	T	N	N	T	T	T	N	N	N	N	T	T	T	T	T	T	T	T	T	N	N	T	T	N	T	T	T	T	T	T	T	T	T	T	T	T	T	T	N	T	T	T	T	T	T	T	T	T	T	T	T	N	T	T	N	T	T	T	T	T	T	T	T	T	T	N	T	N	T	T	T	T	T	T	N	T	T	T	T	T	T	T	N	T	T	T	N	T	N	T	T	T	N	T	T	T	T	T	T	T	T	T	N	T	T	T	T	T	T	N	N	N	T	T	T	T	T	T	T	T	T	T	T	N	T	T	T	T	T	T	N	T	T	N	N	N	T	T	N	T	T	T	T	T	T	T	T	T	N	T	T	T	T	N	T	N	T	T	T	T	T	T	T	T	T	T	T	T	T	T	T	T	T	T	T	N	N	T	T	T	T	N	T	T	T	T	T	T	T	T	N	T	T	T	T	T	T	T	T	T	T	T	T	T	T	T	T	T	T	T	N	T	T	T	T	T	T	T	T	T	T	T	T	T	N	T	T	T	T	T	T	T	T	T	T	T	T	T	T	N	T	T	T	T	T	T	T	T	N	T	T	N	T	T	T	N	T	T	T	T	T	N	N	T	T	T	T	T	N	T	T	N	T	T	N	N	T	T	N	T	T	T	N	T	T	N	T	T	T	N	T	N	T	T	T	T	T	T	T	T	T	T	T	T	T	T	T	T	T	T	T	T	T	T	T	T	T	T	T	T	T	N	T	N	T	N	T	T	T	N	T	T	T	N	T	T	T	T	T	T	N	T	N	T	T	T	N	T	T	T	T	T	T	T	T	T	T	T	T	T	T	N
4952775	Glyma.18G056600	18	T	C	five_prime_UTR		Gm18_4952775	T/C	18	+							T	N	T	T	N	T	N	N	T	T	T	T	T	N	T	T	T	T	T	T	T	N	T	N	T	T	T	T	N	N	T	N	T	T	T	N	N	T	T	T	N	T	N	T	T	T	T	T	N	T	T	N	T	T	N	N	T	T	T	T	T	T	N	T	T	T	T	T	T	T	T	N	T	T	T	T	T	T	T	N	T	T	N	T	T	N	T	T	N	N	T	T	T	T	T	N	T	T	T	N	T	T	N	T	T	N	N	T	T	T	T	T	N	T	T	T	T	T	T	N	T	T	T	T	T	T	T	T	T	T	T	T	T	T	T	N	T	T	T	T	T	N	T	N	T	T	N	T	T	T	T	T	N	N	T	N	T	T	T	T	T	T	N	T	T	N	N	T	T	T	T	T	T	T	T	T	T	N	T	T	T	T	T	T	T	T	N	T	T	T	T	T	T	T	T	T	N	T	T	T	T	T	N	T	T	T	T	N	T	T	N	T	T	T	N	N	N	N	T	T	T	T	N	T	T	N	N	N	T	T	T	T	T	T	N	T	T	T	N	T	T	T	T	T	N	T	T	T	T	T	T	N	N	T	T	T	T	N	T	T	T	T	T	T	N	N	T	T	T	N	T	T	T	T	T	T	N	T	T	T	T	T	T	T	T	T	T	T	N	T	T	T	T	T	T	N	T	T	T	T	T	T	N	T	N	T	T	T	N	T	T	N	N	T	T	T	N	N	N	N	T	T	T	N	T	T	T	T	T	N	N	T	T	N	T	T	T	T	T	T	T	T	T	T	T	T	T	T	T	T	T	T	N	T	T	T	T	T	N	T	T	N	T	T	N	T	T	T	T	T	T	T	T	T	T	N	T	N	T	T	T	T	T	T	N	T	T	T	T	T	T	T	T	T	T	T	N	T	N	T	T	T	N	T	T	T	T	T	T	T	T	T	N	T	T	T	T	T	T	N	N	N	T	T	T	T	T	T	T	T	T	T	T	N	T	T	T	T	T	T	N	T	T	N	N	N	T	T	N	T	T	T	T	T	T	T	T	T	N	T	T	T	T	N	T	N	T	T	T	T	N	T	T	T	T	T	T	T	T	T	T	T	T	T	T	N	N	T	T	T	T	N	T	T	T	T	T	T	T	T	N	T	N	T	T	T	T	T	T	T	T	T	T	T	T	T	T	T	T	T	N	T	N	T	T	T	T	T	T	T	T	T	T	T	N	T	T	T	T	T	T	T	T	T	T	T	T	T	T	N	T	T	T	T	T	T	T	T	N	T	T	N	T	T	T	N	T	T	T	T	T	N	N	T	T	T	T	T	N	T	T	T	T	T	N	N	T	T	N	T	T	T	N	T	T	N	T	T	T	N	T	N	T	T	T	T	T	T	T	T	T	T	T	T	T	T	T	T	T	T	T	T	T	T	T	T	T	N	T	T	T	N	T	T	T	N	T	T	T	N	T	T	T	T	T	T	T	T	T	T	N	T	N	T	T	T	N	T	T	T	T	T	T	T	T	T	T	T	T	T	T	N
4952777	Glyma.18G056600	18	C	G	five_prime_UTR		Gm18_4952777	C/G	18	+							C	N	C	C	N	C	N	N	C	C	C	C	C	N	C	C	C	C	C	C	C	N	C	N	C	C	C	C	N	N	C	N	C	C	C	N	N	C	C	C	N	C	N	C	C	C	C	C	N	C	C	N	C	C	N	N	C	C	C	C	C	C	N	C	C	C	C	C	C	C	C	N	C	C	C	C	C	C	C	N	C	C	N	C	C	C	C	C	N	N	C	C	C	C	C	N	C	C	C	N	C	C	N	C	C	N	N	C	C	C	C	C	N	C	C	C	C	C	C	N	C	C	C	C	C	C	C	C	C	C	C	N	C	C	C	N	C	C	C	C	C	C	C	N	C	C	N	C	C	C	C	C	N	N	C	N	C	C	C	C	C	C	N	C	C	N	N	C	C	C	C	C	C	C	C	C	C	N	C	C	C	C	C	C	C	C	N	C	C	C	C	C	C	C	C	C	N	C	C	C	C	C	N	C	C	C	C	N	C	C	N	C	C	C	N	N	N	N	C	N	C	C	N	C	C	N	N	C	C	C	C	C	C	C	N	C	C	C	N	C	C	C	C	C	N	C	C	C	C	C	C	N	N	C	C	C	C	N	C	C	C	C	C	C	N	N	C	C	C	N	C	C	C	N	C	C	N	C	C	C	C	C	C	C	C	C	C	C	N	C	C	C	C	C	C	N	C	C	C	C	C	C	N	C	N	C	C	C	C	C	C	N	N	C	C	C	N	N	N	N	C	C	C	N	C	C	C	C	C	N	N	C	C	N	C	C	C	C	C	C	C	C	C	C	C	C	C	C	C	C	C	C	C	C	C	C	C	C	C	C	C	N	C	C	N	C	C	C	C	C	C	C	C	N	C	N	C	N	C	C	C	N	C	C	N	C	C	C	C	C	C	C	C	C	C	C	N	C	N	C	C	C	N	C	C	C	C	C	C	C	C	C	N	C	C	C	C	C	C	N	C	N	C	C	C	C	C	C	C	C	C	C	C	N	C	C	C	C	C	C	N	C	C	N	N	N	C	C	N	C	C	C	C	C	C	C	C	C	N	C	C	C	C	N	C	N	C	C	C	C	N	C	C	C	C	C	C	C	C	C	C	C	C	C	C	N	N	C	C	C	C	N	C	C	C	C	C	C	C	C	N	C	N	C	C	C	C	C	C	C	C	C	C	C	C	C	C	C	C	C	N	C	C	C	C	C	C	C	C	C	C	C	C	N	N	C	C	C	C	C	C	C	C	C	C	C	C	C	C	N	C	C	C	C	C	C	C	C	N	C	C	N	C	C	C	N	C	C	C	C	C	N	N	C	C	C	C	C	N	C	C	C	C	C	N	N	C	C	N	C	C	C	N	C	C	N	C	C	C	N	C	N	C	C	C	C	C	C	C	C	C	C	C	C	C	C	C	C	C	C	C	C	C	C	C	C	C	N	C	C	C	N	C	C	C	N	C	C	C	N	C	C	C	C	C	C	C	C	C	C	N	C	N	C	C	C	N	C	C	C	C	C	C	C	C	C	C	C	C	C	C	N
4952780	Glyma.18G056600	18	G	T	five_prime_UTR		Gm18_4952780	G/T	18	+							G	G	G	G	N	G	N	N	G	G	G	G	G	N	G	G	G	G	G	G	G	N	G	N	G	G	G	G	N	N	G	N	G	G	G	N	N	G	G	G	N	G	G	G	G	G	G	G	N	G	G	N	G	G	N	N	G	G	G	N	G	G	N	G	G	G	G	G	G	G	G	N	G	G	G	G	G	G	G	N	G	G	G	G	G	G	G	G	N	N	G	G	G	G	G	N	G	G	G	N	G	G	N	G	G	N	N	G	G	G	G	G	N	G	G	G	G	G	G	N	G	G	G	G	G	G	G	G	G	G	G	G	G	G	G	N	G	G	G	G	G	N	G	N	G	G	N	G	G	G	G	G	N	N	G	N	G	G	G	G	G	G	N	G	G	N	N	G	G	G	G	G	G	G	G	G	G	N	G	N	G	G	G	G	G	G	N	G	G	G	G	G	G	G	G	G	N	G	G	G	G	G	N	G	G	G	G	N	G	G	N	G	G	G	N	N	N	N	G	G	G	G	N	G	G	N	N	G	G	G	G	G	G	G	N	G	G	G	N	G	G	G	G	G	N	G	G	G	G	G	G	N	N	G	G	G	G	N	G	G	G	G	G	G	N	N	G	G	G	N	G	G	G	G	G	G	N	G	G	G	G	G	G	N	G	G	G	G	N	G	G	G	G	G	G	N	G	G	G	G	G	G	N	G	N	G	G	G	G	G	G	N	N	G	G	G	N	N	N	N	N	G	G	N	G	G	G	G	G	N	N	G	G	N	G	G	G	G	G	G	G	G	G	N	G	G	G	G	G	G	G	G	G	G	G	G	G	G	G	G	G	N	G	G	N	G	G	G	G	G	G	G	G	G	G	N	G	N	G	G	G	G	G	G	N	N	G	G	G	G	G	G	G	G	G	G	N	G	G	G	G	G	N	G	G	G	G	G	G	G	G	G	N	G	G	G	G	G	G	N	G	N	G	G	G	G	G	G	G	G	G	N	G	N	G	G	G	G	G	G	N	G	G	N	N	N	G	G	G	G	G	G	G	G	G	G	G	G	N	G	G	G	G	N	G	N	G	G	G	G	N	G	G	G	G	G	G	G	G	G	G	G	G	G	G	N	N	G	G	G	G	N	G	G	G	G	G	G	G	G	N	G	G	G	G	G	G	G	G	G	G	G	G	G	G	G	G	G	G	G	N	G	G	G	G	G	G	G	G	G	G	G	G	N	N	G	G	G	G	G	G	G	G	G	G	G	G	G	G	N	G	G	G	G	G	G	N	G	N	G	G	N	G	G	G	N	G	G	G	G	G	N	N	G	G	G	G	G	N	G	G	G	G	G	N	N	G	G	N	G	G	G	N	G	G	N	G	G	G	N	G	N	G	G	G	G	G	G	G	G	G	G	G	G	G	G	G	G	G	G	G	G	G	G	G	G	G	N	G	G	G	N	G	G	G	N	G	G	G	N	G	G	G	G	G	G	G	G	G	G	N	G	N	G	G	G	N	G	G	G	G	G	G	G	G	G	G	G	G	G	G	N
4952786	Glyma.18G056600	18	C	T	five_prime_UTR		Gm18_4952786	C/T	18	+							C	C	C	C	C	N	N	N	C	C	C	C	C	C	C	C	C	C	C	C	C	N	C	N	C	C	C	C	N	N	C	N	C	C	C	N	N	N	C	C	N	C	C	C	C	C	C	C	N	C	C	C	C	C	N	C	C	C	C	N	C	C	N	C	C	C	C	C	C	C	C	N	C	C	C	C	C	C	C	N	C	C	C	C	C	C	C	C	C	N	C	N	C	C	C	N	C	C	C	N	N	C	N	C	C	N	N	C	C	C	C	C	C	C	C	C	C	C	C	N	C	C	C	C	C	C	C	C	C	C	C	C	C	C	C	N	C	C	C	C	C	C	C	N	C	C	N	C	C	C	C	C	N	N	N	N	C	C	C	C	C	C	N	N	C	N	N	C	C	C	C	C	C	C	C	C	C	N	C	C	C	C	C	C	C	C	N	C	C	C	C	C	C	C	C	C	N	C	C	C	C	N	N	C	N	C	C	N	C	C	N	C	C	C	N	N	N	C	C	C	C	C	N	C	C	C	N	C	C	C	C	C	C	C	N	C	C	C	C	C	C	C	C	C	N	C	C	C	C	C	C	N	N	C	C	N	C	N	C	C	C	C	C	C	N	N	C	C	C	N	C	C	C	C	C	C	N	C	C	C	C	C	C	C	C	C	C	C	N	C	C	C	C	C	C	N	C	C	C	C	C	C	C	C	N	C	C	C	C	C	C	N	N	C	C	C	N	N	N	N	C	C	C	N	C	C	C	C	C	N	N	C	C	N	C	C	C	C	C	C	C	C	C	C	C	C	C	C	C	C	C	C	C	C	C	C	C	C	N	C	C	N	C	N	N	C	C	C	C	C	C	C	C	C	C	N	C	N	C	C	C	C	C	C	N	C	C	C	C	N	C	C	C	C	C	C	N	C	C	C	C	C	N	C	C	C	C	C	C	C	C	C	N	C	C	C	C	C	C	N	C	N	C	C	C	C	C	C	C	C	C	C	C	N	C	C	N	C	N	C	N	C	C	N	C	N	C	C	C	C	C	C	C	C	C	C	C	C	N	C	C	C	C	N	C	N	C	C	C	C	N	C	C	C	C	C	C	C	C	C	C	C	C	C	C	N	N	C	N	C	N	N	C	C	C	C	C	C	C	C	N	C	C	C	C	C	C	C	C	C	C	C	C	C	C	C	C	C	C	C	N	C	C	C	C	C	C	C	C	C	C	C	C	C	N	C	C	C	N	N	C	C	C	C	C	C	C	C	C	N	C	C	C	C	C	C	N	C	N	C	C	N	C	C	C	N	C	C	C	C	C	N	N	C	C	C	C	C	N	C	C	N	C	C	N	C	C	C	N	C	C	C	N	C	C	N	C	C	C	N	C	N	C	C	C	C	C	C	C	C	C	C	C	C	C	C	C	C	C	C	C	C	C	C	C	C	C	N	C	C	C	N	C	C	C	N	C	C	C	N	C	C	C	C	C	C	C	C	N	C	N	N	N	C	C	C	N	C	C	C	C	C	C	C	C	N	C	C	C	C	C	N
4952840	Glyma.18G056600	18	T	C	five_prime_UTR		Gm18_4952840	T/C	18	+							T	T	T	N	T	T	T	N	T	T	T	N	T	T	T	T	T	T	T	T	T	N	T	N	N	N	N	N	N	N	T	T	T	T	T	N	N	T	T	T	T	N	T	T	T	T	T	T	N	N	T	T	T	T	N	N	T	T	T	T	N	N	T	N	T	T	T	T	T	T	T	T	T	T	N	T	T	T	T	N	N	T	T	T	T	N	T	T	T	N	T	N	T	T	N	N	T	T	T	N	T	T	N	T	T	N	N	T	T	T	T	T	N	T	T	T	T	N	T	N	T	T	T	T	T	T	T	T	T	T	T	T	T	T	T	T	T	T	T	T	T	T	T	T	T	T	N	T	T	T	T	T	N	T	N	N	T	T	T	T	N	T	N	N	T	N	N	T	T	N	T	T	T	T	T	T	T	N	T	T	T	N	T	T	T	N	N	T	T	T	N	T	T	T	T	T	N	T	T	T	T	T	T	T	T	T	T	N	T	T	N	T	T	N	N	N	N	T	T	T	N	T	N	N	T	T	T	T	T	T	T	T	T	T	N	T	T	T	N	T	T	T	T	T	N	T	T	T	T	N	T	N	N	T	T	T	T	T	N	T	T	T	T	T	T	N	T	T	T	T	T	T	T	T	T	T	T	T	T	T	T	T	T	N	T	N	T	T	N	T	T	T	T	T	T	N	T	N	T	T	T	T	N	T	T	T	T	T	N	T	T	T	T	T	T	T	T	T	N	T	N	N	T	N	T	T	T	T	T	N	T	N	T	T	T	T	T	T	T	T	T	T	T	T	T	T	T	T	T	T	T	T	T	T	T	T	N	T	T	T	T	T	T	N	T	T	N	T	T	T	T	T	T	N	T	T	T	N	T	T	T	T	T	T	T	T	T	N	T	N	T	T	N	T	T	N	N	T	N	T	T	T	N	N	N	N	T	T	T	T	T	T	N	T	T	T	T	T	T	N	T	T	T	T	T	T	T	T	T	T	T	T	T	N	T	T	T	T	T	T	T	T	T	T	T	T	T	T	N	T	T	T	T	T	T	T	T	T	N	T	T	T	T	N	T	T	N	T	N	T	T	T	T	T	T	T	T	T	T	T	T	T	T	T	T	N	T	T	T	T	T	T	T	T	T	T	T	T	T	T	N	T	N	T	N	T	T	N	T	T	T	T	T	T	T	T	T	T	T	T	T	T	T	T	N	T	T	T	T	T	T	N	T	T	T	T	T	T	T	T	N	T	N	T	T	T	T	N	T	N	T	T	T	T	T	T	N	T	N	T	T	N	T	T	T	T	T	T	T	T	T	N	N	T	T	T	T	T	T	T	T	T	N	T	N	N	T	N	T	N	T	T	N	T	T	N	T	T	T	N	T	N	T	N	T	N	N	T	T	T	T	T	T	T	T	T	T	T	T	T	T	T	T	T	T	N	T	N	T	T	T	T	T	T	T	T	T	T	N	N	T	T	T	T	T	T	T	T	T	T	N	N	N	T	T	T	N	T	T	T	T	T	T	T	T	T	N	T	N	T	T	T
4952843	Glyma.18G056600	18	T	A	five_prime_UTR		Gm18_4952843	T/A	18	+							T	T	T	N	T	N	T	N	T	T	T	N	T	T	T	T	T	T	T	T	T	T	T	N	N	N	N	N	N	N	T	T	T	T	T	N	N	T	T	T	T	T	T	T	T	T	T	T	N	N	T	T	T	T	N	N	T	T	T	T	N	N	T	N	T	T	T	T	T	T	T	T	N	T	T	T	T	T	T	N	N	T	T	T	T	N	T	T	T	T	T	N	T	T	N	N	T	T	T	N	N	T	N	T	T	N	N	T	T	T	T	T	N	T	T	T	T	N	T	N	T	T	T	T	T	T	T	T	T	T	T	T	T	T	T	T	T	T	T	T	T	T	T	T	T	T	N	T	T	T	T	T	N	T	T	N	T	T	T	T	N	T	N	T	T	N	T	T	T	N	T	T	T	T	T	T	T	N	T	T	T	N	T	T	T	N	N	T	T	T	N	T	T	T	T	T	N	T	T	T	T	T	T	T	T	T	T	N	T	T	N	T	T	N	N	T	N	T	T	T	N	T	N	N	T	T	T	T	T	T	T	T	T	T	N	T	T	N	N	T	T	N	T	T	N	T	T	T	T	N	T	N	N	T	T	T	T	T	N	T	T	T	T	T	T	N	T	T	T	T	T	T	T	N	T	T	T	T	T	T	T	T	T	N	T	N	T	T	N	T	T	T	T	T	T	N	T	T	T	T	T	T	N	T	T	T	T	T	N	T	T	T	T	T	T	T	T	T	N	T	N	N	T	N	T	T	T	T	T	N	T	N	T	T	T	T	T	T	T	T	T	T	T	T	T	T	T	T	T	T	T	T	T	T	T	T	N	T	T	T	T	T	T	N	T	T	N	T	T	T	T	T	T	N	T	T	T	N	T	T	T	T	T	T	T	T	T	N	T	N	T	T	N	T	T	N	N	T	N	T	T	T	N	N	N	N	T	T	T	T	T	T	N	T	T	T	T	T	T	N	T	T	T	T	T	T	T	T	T	T	T	T	T	N	T	T	T	T	T	T	T	T	T	T	T	T	T	T	T	T	T	T	T	T	T	T	T	T	N	T	T	T	T	N	T	T	N	T	N	T	T	T	T	T	T	T	T	T	T	T	T	T	T	T	T	N	T	T	T	T	T	T	T	T	T	T	T	T	T	T	N	T	N	T	N	T	T	N	T	T	T	T	T	T	T	T	T	T	N	T	T	T	T	T	N	T	T	T	T	T	T	N	T	T	T	T	T	T	T	T	N	T	N	T	T	T	T	N	T	N	T	T	T	T	T	T	N	T	N	T	T	N	T	T	T	T	T	T	T	T	T	N	N	T	T	T	T	T	T	T	T	T	N	T	N	N	T	N	T	N	T	T	N	T	T	N	T	T	T	N	T	N	T	N	T	N	T	T	T	T	T	T	T	T	T	T	T	T	T	T	T	T	T	T	T	N	T	N	T	T	T	T	T	T	T	T	T	T	N	N	T	T	T	T	T	T	T	T	T	T	T	N	N	T	T	T	N	T	T	T	T	T	T	T	T	T	N	T	N	T	T	T
4952854	Glyma.18G056600	18	A	G	five_prime_UTR		Gm18_4952854	A/G	18	+							A	A	A	N	A	A	A	N	A	A	A	N	A	A	A	A	A	N	A	A	A	A	A	N	N	N	N	N	N	N	A	A	A	A	A	N	N	A	A	A	N	A	A	A	A	A	A	A	N	N	A	A	A	A	N	N	A	A	A	A	A	N	A	N	A	A	A	A	A	A	N	A	N	A	A	A	A	A	A	N	N	A	A	A	A	N	A	A	A	A	A	A	A	A	N	N	A	A	A	N	A	A	N	A	A	N	N	N	N	A	A	A	N	A	A	A	A	N	A	N	A	A	A	A	A	A	A	A	N	A	A	A	A	A	A	A	A	A	A	N	A	N	A	A	A	A	A	A	A	A	A	A	N	A	A	N	A	A	A	A	N	A	N	A	A	N	A	A	A	N	A	A	A	A	A	A	A	N	A	A	A	N	A	A	A	A	N	A	A	A	N	A	A	A	A	A	N	A	A	A	A	A	A	A	A	A	A	A	A	A	N	A	A	N	N	A	N	N	A	A	N	A	N	N	A	A	A	A	A	A	N	A	A	A	N	A	A	A	A	A	A	A	A	A	N	A	N	A	A	N	A	N	N	A	A	N	A	A	N	N	A	A	A	N	A	N	A	A	A	N	A	A	A	A	A	A	A	A	A	A	A	A	A	N	A	N	A	A	N	A	A	A	A	A	A	N	A	A	A	N	A	A	N	A	N	A	A	A	N	A	A	N	A	A	A	A	N	A	N	A	N	A	A	N	A	A	A	A	A	N	N	N	A	A	A	A	N	A	A	A	A	A	A	A	A	A	A	A	A	A	A	A	A	A	A	A	N	A	A	A	A	A	A	N	A	A	N	N	A	A	A	A	A	N	A	A	N	N	A	A	A	A	A	A	A	A	A	N	A	N	A	A	N	A	A	N	N	A	A	A	N	A	N	N	N	N	A	A	A	A	N	A	N	A	A	A	A	A	A	N	A	A	A	A	A	A	A	A	A	A	A	A	A	N	A	N	N	N	A	A	A	A	A	A	A	A	A	A	A	A	A	A	A	A	N	A	A	A	N	A	A	A	A	N	A	A	N	A	A	A	N	A	A	A	A	A	A	N	A	A	A	A	A	A	N	A	A	A	A	A	A	N	A	A	N	A	A	A	A	A	N	A	N	A	N	A	A	N	N	A	A	A	A	A	A	A	A	A	A	N	A	A	A	A	N	A	A	A	A	A	A	N	A	A	A	A	A	A	A	N	N	A	N	A	A	A	A	A	A	N	A	A	A	A	A	A	N	A	A	A	A	N	A	A	A	A	A	N	A	A	A	N	N	A	A	A	A	A	A	A	A	A	N	A	N	N	A	N	A	N	A	A	N	A	A	N	A	A	A	N	A	N	A	A	A	N	A	A	A	A	A	A	A	A	A	N	A	A	N	A	A	A	A	A	A	N	A	A	A	N	A	A	A	A	A	A	A	A	N	N	A	A	N	A	A	A	A	A	A	A	A	A	N	A	A	A	N	A	A	A	A	A	A	A	A	A	N	A	N	A	N	A
4952863	Glyma.18G056600	18	T	C	five_prime_UTR		Gm18_4952863	T/C	18	+							T	T	T	N	T	T	T	N	T	T	T	N	T	T	T	T	T	T	T	T	T	T	T	N	N	T	N	T	T	N	T	T	T	T	T	T	N	T	T	T	N	T	T	T	T	T	T	T	N	N	T	T	T	T	N	N	T	T	T	T	N	N	T	N	T	T	T	T	T	T	T	T	T	T	N	T	T	T	T	N	N	T	T	T	T	N	T	T	T	T	T	T	T	T	N	N	T	T	T	N	T	T	N	T	T	N	N	T	T	T	T	T	N	T	T	T	N	N	T	N	T	T	T	T	T	T	T	T	N	T	T	T	N	T	T	T	T	T	T	N	T	T	T	T	T	T	N	T	T	T	T	T	N	T	T	T	T	T	T	T	N	T	N	T	T	N	T	T	T	N	T	T	T	T	T	T	T	N	T	T	T	N	N	T	T	T	N	T	T	T	N	T	T	T	T	T	N	T	T	T	T	T	T	T	T	T	T	T	T	T	N	T	T	N	T	T	N	T	T	T	N	T	N	N	T	T	T	T	T	T	T	T	T	T	N	T	T	T	T	T	T	T	T	T	N	T	T	T	T	N	T	N	N	T	T	T	T	T	N	N	T	T	T	T	T	N	T	T	T	N	T	T	T	T	T	T	T	T	T	T	T	T	T	N	T	N	T	T	N	T	T	T	T	T	T	N	T	T	T	T	T	T	N	T	T	N	T	T	N	T	T	T	T	T	T	T	T	T	N	T	T	T	T	N	T	T	T	T	T	N	N	N	T	T	T	T	N	T	T	T	T	T	N	T	T	T	T	T	T	T	T	T	T	T	N	T	N	N	T	N	T	T	T	N	T	T	N	T	T	T	T	T	T	N	T	T	T	N	T	T	T	T	T	T	T	N	T	N	T	N	T	T	T	T	T	T	N	T	T	T	N	T	N	T	N	N	T	T	T	T	N	T	N	T	T	T	T	T	T	N	T	T	T	T	T	T	T	T	N	T	T	T	T	N	T	N	T	N	T	T	T	T	T	T	N	T	T	T	T	T	T	T	T	T	N	T	T	T	N	T	T	T	T	N	T	N	N	T	T	T	N	T	T	T	T	T	T	N	T	T	T	T	T	T	T	T	T	T	N	T	T	T	N	T	N	T	T	T	T	N	N	T	N	T	N	T	T	N	N	N	T	N	T	T	T	T	T	T	N	T	T	T	T	T	N	T	T	T	T	T	T	N	T	T	T	T	T	T	T	T	N	T	N	T	T	T	T	T	T	T	T	T	T	T	T	T	N	T	T	T	T	N	T	T	T	T	T	T	T	T	T	N	N	T	T	T	T	T	T	T	T	T	N	T	N	N	T	N	T	N	T	T	N	T	T	N	T	T	T	N	T	N	T	T	T	N	T	T	T	T	T	T	T	T	T	N	T	T	N	T	T	T	T	T	T	N	T	T	T	T	T	T	T	T	T	T	T	T	N	N	T	T	T	T	T	T	T	T	T	T	T	T	N	T	T	T	N	T	T	T	T	T	T	T	T	T	N	T	N	T	N	T
4952874	Glyma.18G056600	18	A	T	five_prime_UTR		Gm18_4952874	A/T	18	+							A	A	A	A	A	A	A	N	A	A	A	A	A	N	A	A	A	A	A	A	A	A	A	N	N	N	N	A	A	N	A	A	A	A	A	A	N	A	A	A	N	A	A	A	A	A	A	A	N	N	A	A	A	A	N	N	A	A	A	A	A	N	A	N	N	A	A	A	N	N	A	A	A	A	N	A	A	A	A	N	A	N	N	A	A	N	A	A	A	A	A	A	A	A	N	N	A	A	A	N	N	A	N	A	A	N	N	N	A	A	A	N	A	A	A	A	N	A	A	N	A	A	A	A	A	A	A	A	N	N	A	A	N	A	A	A	A	A	A	A	A	A	A	A	A	A	N	A	A	A	A	A	N	A	A	N	A	N	A	A	N	A	N	A	A	N	A	A	A	A	A	A	A	A	A	A	A	N	A	A	A	N	A	A	A	A	N	N	A	A	N	A	A	A	A	A	N	A	A	A	A	A	A	A	A	A	A	A	A	A	N	A	A	A	A	A	N	A	N	A	N	A	N	N	A	A	A	A	A	A	A	A	A	A	N	A	A	N	N	N	A	A	A	N	N	A	N	A	A	N	N	N	N	A	A	A	A	A	N	N	A	A	A	A	N	N	A	A	A	A	A	A	A	N	A	A	A	A	N	A	A	A	A	N	N	N	A	A	A	A	A	A	A	A	A	N	A	A	A	A	A	A	N	A	A	A	N	A	N	A	A	A	A	A	A	A	A	A	A	A	A	A	A	A	A	A	A	A	A	N	A	A	N	A	A	A	N	A	A	A	N	A	A	A	A	A	A	A	A	A	A	A	A	A	A	A	N	A	A	N	A	N	A	N	N	N	N	A	A	A	A	A	A	N	A	A	A	N	A	A	A	A	A	A	A	N	A	N	N	N	A	A	N	A	A	A	N	A	A	A	N	A	A	A	N	N	N	A	A	A	N	A	N	A	A	A	A	A	A	N	A	A	A	A	A	A	A	A	N	A	A	A	A	N	A	N	A	N	A	A	A	A	A	A	N	A	A	A	A	A	A	A	A	A	N	A	A	A	N	A	A	A	A	N	A	N	N	A	A	A	N	A	A	A	A	A	A	A	N	A	A	A	A	A	N	A	A	A	N	A	A	A	N	A	A	A	A	N	A	N	N	A	N	A	A	A	A	N	N	N	A	N	A	A	A	A	N	A	A	A	A	A	A	A	N	A	A	A	A	A	A	N	A	A	A	A	A	A	A	A	N	A	A	A	A	N	A	A	A	N	N	A	A	A	A	A	N	A	N	A	A	N	A	A	A	A	N	A	A	A	A	N	N	A	A	A	A	A	N	A	N	A	A	A	N	N	A	N	A	N	A	A	N	A	A	N	N	A	A	N	A	N	A	A	N	N	A	A	A	A	N	A	A	A	A	N	A	A	N	A	A	A	A	A	A	N	A	A	A	A	A	A	A	A	A	A	A	A	N	N	A	A	A	A	A	A	A	A	A	A	A	A	N	A	A	A	N	A	A	A	A	A	A	A	A	A	N	N	N	A	N	A
4952886	Glyma.18G056600	18	T	C	five_prime_UTR		Gm18_4952886	T/C	18	+							T	T	T	T	T	T	T	T	T	T	T	N	T	N	T	T	T	N	T	T	T	N	T	N	N	T	N	T	T	N	T	T	N	T	T	T	N	T	T	T	N	N	T	T	T	T	T	T	N	N	T	T	T	T	N	N	T	T	T	T	T	N	T	N	N	T	T	T	N	T	T	T	T	T	T	N	T	T	T	N	T	T	N	T	T	N	T	T	T	T	T	T	T	N	T	N	T	T	T	N	T	T	N	T	T	N	N	T	T	N	T	N	T	T	T	T	T	N	T	N	T	T	T	T	T	T	T	T	N	T	T	N	N	T	T	T	T	T	T	T	T	T	T	T	T	T	N	T	T	T	T	T	N	T	T	T	T	N	T	T	N	T	N	T	T	N	T	T	T	T	T	T	T	T	T	T	T	N	T	T	T	N	T	T	T	T	N	N	T	T	N	T	T	T	T	T	N	T	T	T	T	T	T	T	N	T	T	T	T	T	N	T	N	N	T	T	N	T	T	T	N	T	N	N	T	T	N	T	T	N	T	T	T	T	N	T	T	T	T	T	T	T	T	N	N	T	T	T	T	N	T	N	N	T	T	T	T	T	N	N	T	T	T	T	T	N	T	T	T	T	T	T	T	N	T	T	T	T	N	T	T	T	T	T	T	N	T	T	T	T	T	T	T	T	T	N	T	T	T	T	T	T	N	T	T	T	T	T	N	T	T	T	T	T	T	T	T	T	T	T	T	T	T	T	T	N	T	T	T	N	T	T	N	T	T	T	T	T	T	T	T	T	T	T	T	T	N	T	T	T	N	T	T	T	T	T	N	N	T	N	N	T	T	N	N	T	N	T	T	T	T	T	T	N	T	T	T	N	T	T	T	T	T	N	T	N	T	N	N	N	T	T	T	T	T	T	N	T	T	T	T	T	T	T	N	N	N	T	T	T	N	T	N	T	T	T	T	T	T	N	T	T	T	T	T	T	T	T	N	T	T	T	T	N	T	T	T	T	T	T	T	T	N	T	N	T	T	N	T	T	T	T	T	T	N	T	T	T	T	T	T	T	T	N	T	N	N	T	T	T	N	T	T	T	T	T	T	T	T	T	T	T	T	T	N	T	T	T	N	T	T	T	N	T	T	T	T	N	T	T	N	N	T	T	T	T	T	N	N	N	T	T	T	T	T	T	T	T	T	T	T	T	T	T	T	T	T	T	T	N	T	N	T	T	T	T	T	T	T	T	N	T	T	N	T	T	T	T	T	N	T	T	T	T	T	T	T	T	T	N	T	N	T	T	T	T	T	T	T	T	T	N	N	T	T	T	T	T	T	T	T	T	T	T	N	N	T	N	T	N	T	T	N	T	T	T	N	T	T	N	T	N	T	T	N	N	T	T	T	T	N	T	T	T	T	N	T	T	N	T	T	T	T	T	T	N	T	T	T	T	T	T	T	T	T	T	T	T	T	N	T	N	N	T	T	T	T	T	T	T	T	T	N	T	T	T	N	T	N	T	T	T	T	T	T	T	N	N	N	T	N	T
4952892	Glyma.18G056600	18	G	C	five_prime_UTR		Gm18_4952892	G/C	18	+							G	G	N	G	G	G	G	G	G	N	G	N	G	N	G	G	G	N	G	G	G	N	G	N	G	G	N	G	G	N	G	G	G	N	G	G	N	G	G	G	N	G	G	G	G	G	G	G	N	N	G	G	G	G	N	N	G	G	G	G	G	N	G	N	N	G	G	G	G	G	N	G	G	G	G	N	G	G	G	N	G	G	N	G	G	N	G	G	G	G	G	G	G	N	G	N	G	G	G	N	G	G	N	G	G	N	N	G	G	G	G	G	G	G	G	G	G	N	G	N	G	G	G	G	G	G	G	G	N	G	G	G	G	G	G	G	G	G	G	G	G	N	G	G	G	N	N	G	G	G	G	G	N	G	N	G	G	N	G	G	N	N	N	G	G	N	G	G	G	G	G	G	G	G	N	G	G	N	G	G	G	N	N	G	G	G	N	N	G	G	N	G	G	N	G	G	N	G	G	G	G	G	G	G	N	G	G	G	G	G	N	G	N	N	G	G	N	G	G	G	N	G	N	N	G	G	N	G	G	G	G	G	G	G	N	G	G	G	G	G	G	G	G	N	N	G	G	G	G	N	G	N	N	G	G	G	G	G	G	N	G	G	G	G	G	N	G	G	G	G	G	G	G	N	G	G	N	G	G	G	G	G	G	G	G	N	G	G	G	G	N	G	G	G	G	N	G	G	G	G	G	G	G	G	G	G	G	G	N	G	G	G	G	G	G	G	G	N	G	G	G	G	G	G	G	N	G	G	G	N	G	G	N	G	N	G	G	G	G	G	G	G	G	G	G	G	N	G	G	N	N	G	G	G	G	G	N	N	G	N	G	G	G	N	N	G	N	G	G	G	G	G	G	N	G	G	G	G	G	G	G	G	G	N	G	N	G	N	N	N	G	G	N	G	G	G	N	G	G	G	G	G	G	G	G	N	N	G	G	G	N	G	G	G	G	G	G	G	G	N	G	G	G	G	G	G	G	G	N	G	N	G	G	N	G	G	N	G	G	G	G	N	N	G	G	G	G	N	G	G	G	G	G	G	N	G	G	G	N	G	G	G	G	N	G	N	N	G	G	G	N	G	G	G	N	G	G	G	G	G	G	G	G	G	N	G	G	G	G	G	G	G	N	G	N	G	G	N	G	G	N	G	G	G	G	G	G	N	N	N	G	G	G	G	G	G	G	G	G	G	G	G	G	G	G	G	G	G	G	N	G	N	G	G	G	G	G	G	G	N	N	G	G	N	G	G	G	G	N	N	G	G	G	G	G	G	G	G	G	N	G	G	G	G	G	G	G	G	G	G	G	N	N	G	G	G	G	N	G	G	G	G	G	G	N	N	G	N	G	N	G	G	N	G	G	G	N	G	N	N	G	N	G	G	N	N	G	N	G	G	N	N	G	G	G	N	G	G	N	G	G	G	G	N	G	N	G	G	G	G	G	G	G	G	G	G	G	G	G	N	G	N	N	G	G	G	G	G	G	G	G	G	N	G	G	G	N	G	N	G	G	G	G	G	G	G	N	N	N	G	N	G
4952916	Glyma.18G056600	18	T	C	five_prime_UTR		Gm18_4952916	T/C	18	+							T	T	T	N	T	T	T	T	T	N	T	T	T	N	T	T	T	T	T	T	T	N	T	N	T	T	N	T	T	N	T	T	T	T	T	T	N	T	T	T	T	T	T	T	T	T	T	T	N	N	T	T	T	T	N	N	T	T	T	T	T	N	T	N	T	T	T	T	T	T	N	T	T	T	T	T	T	T	T	N	N	T	N	T	N	N	T	T	T	T	T	T	T	N	T	N	T	T	T	N	T	T	N	T	T	N	N	T	T	T	T	T	T	T	T	T	T	N	T	N	T	T	T	T	N	T	T	T	N	T	T	T	T	N	T	T	T	T	T	T	T	T	T	T	T	T	T	T	T	T	T	T	N	T	T	T	T	N	T	T	N	N	N	T	T	N	T	T	T	T	T	T	T	T	T	T	T	T	T	T	T	N	T	T	T	T	T	T	T	T	N	T	T	T	T	T	N	T	T	T	T	T	T	T	N	T	T	T	T	N	N	T	N	N	T	T	N	T	T	T	N	T	N	N	T	T	N	T	T	T	T	T	T	T	T	T	T	T	T	T	T	T	T	N	N	T	T	T	T	T	T	N	N	T	T	T	T	T	T	N	T	T	T	T	T	N	T	T	T	T	T	T	N	N	T	T	T	T	T	T	T	T	T	T	T	T	T	T	T	T	N	T	T	T	T	N	T	T	T	T	T	T	T	T	T	T	T	T	N	T	T	T	T	T	T	T	T	T	T	T	T	T	T	T	T	N	T	T	T	N	T	N	N	T	T	T	T	T	T	T	T	N	T	N	N	T	N	N	T	T	T	T	N	T	T	T	T	N	T	N	T	T	T	N	N	T	T	T	T	T	T	T	T	N	T	T	N	T	T	T	T	T	T	T	T	T	T	N	N	N	T	T	T	T	T	T	N	T	T	T	T	T	T	T	T	N	N	T	T	T	T	T	T	T	T	T	N	T	T	N	T	T	T	N	T	T	T	T	N	T	N	T	T	N	T	T	T	T	T	T	T	N	N	T	T	T	T	N	T	T	T	T	T	T	N	T	T	T	N	T	N	T	T	N	T	N	N	T	T	T	N	T	T	T	N	T	T	T	T	T	T	T	T	T	N	T	T	T	T	T	T	T	N	T	N	T	T	T	T	N	N	N	T	T	T	T	T	N	N	N	T	T	T	T	T	T	T	T	T	T	T	T	T	T	T	T	T	T	T	T	T	N	T	N	T	T	T	T	T	T	N	T	T	N	T	T	T	T	T	N	T	T	T	T	T	T	T	T	T	N	N	T	T	T	T	T	T	T	T	T	T	N	N	T	T	T	T	T	T	T	N	T	T	T	N	T	T	N	T	N	N	T	T	T	T	T	T	T	N	N	T	N	T	T	N	N	T	N	T	T	T	N	T	T	T	N	T	T	N	T	T	T	T	T	T	N	T	T	T	T	T	T	T	T	T	T	T	T	T	N	N	N	T	T	T	T	T	N	T	T	T	N	N	T	N	T	N	T	N	T	T	T	T	T	T	T	N	N	N	T	N	T
4955815	Glyma.18G056600	18	T	A	three_prime_UTR		Gm18_4955815	T/A	18	+							T	T	T	T	T	T	T	T	T	T	T	T	N	T	T	N	T	T	T	T	T	N	T	T	T	T	T	T	T	T	N	T	T	T	T	T	T	T	N	T	T	N	T	T	N	N	T	T	T	T	T	T	T	T	T	T	T	T	T	T	T	N	T	T	N	N	T	N	T	T	T	T	T	T	T	T	T	T	T	T	T	N	T	N	T	T	T	T	T	T	T	T	T	T	T	T	N	T	T	N	T	T	T	T	T	T	T	N	T	T	T	T	T	N	T	T	T	N	T	T	N	T	T	T	T	T	T	T	T	T	T	N	N	T	N	T	T	T	T	N	T	T	T	N	T	T	N	T	T	N	T	T	N	T	T	T	T	T	N	T	T	N	N	T	T	N	T	N	N	T	T	T	N	T	T	N	T	T	T	T	T	T	T	N	T	T	T	T	N	T	T	T	T	T	T	T	T	T	T	T	T	T	T	T	T	T	T	T	T	T	T	T	T	T	T	T	T	T	T	N	N	T	T	T	T	T	T	T	T	T	N	T	T	T	T	T	T	N	T	T	T	T	N	T	T	T	N	N	T	T	T	N	T	T	T	T	T	T	T	T	N	T	T	N	T	N	T	T	T	T	T	T	T	N	T	T	T	T	T	T	N	T	T	T	T	T	T	T	T	T	T	N	T	T	T	T	T	T	T	T	T	N	T	T	N	T	T	N	N	T	T	T	T	T	T	T	T	T	T	T	T	N	N	T	T	N	T	T	T	T	T	T	N	T	T	T	T	T	N	T	T	N	T	N	T	N	N	T	T	T	N	N	N	T	T	T	T	T	T	T	N	T	T	T	T	T	T	T	N	T	T	T	N	T	T	T	N	T	T	T	T	T	T	T	T	N	T	T	T	T	N	T	N	N	T	N	N	T	T	T	N	T	T	T	T	T	T	T	T	T	T	T	T	T	T	T	N	T	T	T	T	N	N	T	T	T	N	T	T	T	N	T	T	T	T	T	T	N	T	N	T	T	T	T	T	T	T	T	T	T	T	T	T	T	T	T	T	N	T	T	T	T	T	T	T	T	T	T	T	T	T	T	T	N	T	T	T	T	T	T	T	N	T	T	N	T	T	T	T	T	T	T	T	T	T	T	T	T	T	T	T	T	T	N	T	T	T	T	T	T	N	N	T	T	T	T	T	T	T	N	T	T	T	T	T	N	N	T	T	N	T	N	T	T	T	T	T	T	T	T	T	N	N	T	N	N	T	T	N	T	T	T	T	T	T	T	T	T	T	N	T	N	T	T	T	T	T	T	T	T	N	T	T	T	T	T	T	N	T	T	T	T	T	T	N	T	N	T	T	N	T	T	T	T	T	T	T	T	T	T	T	T	T	T	T	T	T	T	T	T	T	N	T	T	T	T	T	N	T	T	T	T	T	T	N	T	T	N	N	T	T	T	T	T	N	N	T	T	T	T	T	T	T	T	T	T	N	N	T	T	T	T	N	T	T	T	N	N	T	T	N	T	T	T	T	T	T	T	T	T	T	T
4955820	Glyma.18G056600	18	A	T	three_prime_UTR		Gm18_4955820	A/T	18	+							A	A	A	A	A	A	A	A	A	A	A	A	N	A	A	N	A	A	A	A	A	N	A	A	A	A	A	A	A	A	N	A	A	A	A	A	A	A	N	A	A	N	A	A	N	N	A	A	A	A	A	A	A	A	A	A	A	A	A	A	A	N	A	A	N	N	A	A	A	A	A	A	A	A	A	A	A	A	A	N	A	N	A	N	A	A	A	A	A	A	N	A	A	A	A	A	N	A	A	N	A	A	A	A	A	A	A	N	A	A	A	A	A	N	A	A	A	N	A	A	N	A	A	A	A	A	A	A	A	A	A	N	N	A	A	N	A	A	A	N	A	A	A	N	A	A	N	A	A	A	N	A	N	A	A	A	A	A	N	A	A	N	N	N	A	N	A	N	N	A	A	A	N	A	A	N	A	A	A	A	A	A	A	N	A	A	A	A	N	A	A	N	A	A	A	A	A	A	A	A	A	A	A	A	N	A	A	A	A	A	A	A	A	A	A	A	A	A	A	N	N	A	A	A	A	A	A	N	A	A	N	A	A	A	A	A	A	N	A	A	A	A	N	A	A	A	N	N	A	A	A	N	A	A	A	A	A	A	A	A	N	A	A	N	A	N	A	A	A	A	A	A	A	N	N	A	A	A	A	A	N	N	A	A	A	A	A	A	A	A	A	N	A	A	A	A	A	A	A	A	A	N	A	A	A	A	A	N	N	A	A	A	A	A	A	A	A	A	A	A	A	A	A	A	A	N	A	A	A	A	A	A	N	A	A	A	A	A	N	A	A	N	A	N	A	N	A	A	A	A	A	N	A	A	A	A	A	A	A	A	N	A	A	A	A	A	N	A	A	A	A	A	N	A	A	A	N	A	A	A	A	A	A	A	A	N	A	A	A	A	N	A	N	N	A	N	N	A	A	A	N	A	A	A	A	A	A	A	A	A	A	A	A	A	A	A	N	A	A	A	A	N	N	A	A	A	N	A	A	A	N	A	A	A	A	A	A	N	A	N	A	A	A	A	A	N	A	A	A	A	A	A	A	A	A	A	A	N	A	A	A	A	A	A	A	A	A	A	A	A	A	A	A	N	A	A	A	A	A	A	A	N	A	A	A	A	A	A	A	A	A	A	A	A	N	A	A	A	A	A	A	A	A	N	A	A	A	N	A	A	N	N	A	A	A	A	A	A	A	A	A	A	A	A	A	A	N	A	A	N	A	N	A	A	A	A	A	A	A	A	A	N	N	A	A	N	N	A	N	A	A	A	A	A	A	A	A	A	A	N	A	N	A	A	A	A	A	A	A	A	N	A	A	A	A	A	A	N	A	A	A	A	A	A	N	A	N	A	A	N	A	A	A	A	A	A	A	A	A	A	A	A	A	A	A	A	A	A	A	A	A	N	A	A	A	A	N	N	A	N	A	A	A	A	N	A	A	N	N	A	A	A	A	A	A	N	A	A	A	A	A	A	A	A	A	A	A	N	A	A	A	A	N	A	A	A	N	N	A	A	N	A	A	A	A	A	A	A	A	A	A	A
4955827	Glyma.18G056600	18	G	T	three_prime_UTR		Gm18_4955827	G/T	18	+							G	G	G	G	G	G	N	G	G	G	N	G	N	G	G	N	G	G	G	G	G	N	G	G	G	G	G	G	G	G	N	G	G	G	G	G	G	G	N	G	G	N	G	G	N	N	G	G	G	G	N	G	G	G	G	G	G	N	G	G	G	N	G	G	N	N	G	G	G	G	G	G	G	G	G	G	G	G	G	N	G	N	G	N	G	G	G	G	G	G	N	G	G	G	G	G	N	G	G	N	G	G	G	G	G	G	G	N	G	G	G	G	G	N	G	G	G	N	G	G	N	G	G	G	G	G	G	G	G	G	G	N	N	G	G	G	G	G	G	N	G	G	G	N	G	G	G	G	G	G	G	G	N	G	G	G	G	G	N	G	G	N	G	N	G	N	G	N	N	G	G	G	G	G	G	N	G	G	G	N	G	G	G	N	G	G	G	G	N	G	G	N	N	G	G	G	G	G	G	G	G	G	G	G	N	G	N	G	G	G	G	G	G	G	G	G	G	N	G	N	N	G	G	G	G	N	G	N	G	G	N	G	G	G	G	G	G	G	G	G	G	G	N	N	G	G	N	N	G	G	G	N	G	G	G	G	G	G	G	G	G	G	G	N	G	N	G	G	G	G	G	G	G	N	N	G	G	G	G	G	N	G	G	G	G	G	G	G	G	G	G	N	G	G	N	G	G	N	G	G	G	N	G	G	G	G	G	N	N	G	G	G	G	G	G	G	G	G	G	G	G	G	G	G	G	N	G	G	G	G	G	G	N	G	G	G	G	G	N	G	G	N	G	N	G	N	N	G	G	G	G	N	G	G	G	G	G	G	G	G	N	G	G	G	G	G	G	G	G	G	G	G	N	G	G	G	N	G	G	G	G	G	G	G	G	N	G	G	G	G	N	G	G	N	G	N	N	G	G	G	N	G	G	G	G	G	G	G	G	G	G	G	G	G	G	G	N	G	G	G	G	G	N	G	G	G	N	G	G	G	G	N	G	G	G	G	G	N	G	N	G	G	G	G	N	N	G	G	G	G	G	G	G	G	G	G	G	N	G	G	G	G	G	G	G	G	G	G	G	G	G	G	G	N	G	G	G	G	G	G	G	N	G	G	G	G	G	G	G	G	G	G	G	G	N	G	G	G	G	G	G	G	G	N	G	G	G	N	G	G	N	N	G	G	G	G	G	N	G	G	G	N	G	G	N	N	N	G	G	N	G	N	N	N	G	G	G	G	G	G	G	G	N	G	G	N	N	G	N	G	G	G	G	G	G	G	G	G	G	N	G	N	G	G	G	G	G	G	G	G	N	G	G	G	G	G	G	N	G	G	G	G	G	G	N	G	N	G	G	N	G	G	G	G	G	G	G	G	N	G	G	G	G	G	G	G	G	G	G	G	G	N	G	G	G	G	G	N	G	N	G	G	G	G	G	G	G	N	N	G	G	G	G	G	G	N	G	G	G	G	G	G	G	G	G	G	G	N	G	G	G	G	N	G	G	G	N	G	G	N	N	G	N	G	G	G	G	G	G	G	G	G
4955836	Glyma.18G056600	18	G	A	three_prime_UTR		Gm18_4955836	G/A	18	+							G	G	G	G	G	G	G	G	G	N	N	G	N	G	G	N	G	G	G	G	G	N	G	G	G	G	G	G	G	G	N	G	G	G	G	G	G	G	N	G	G	N	G	G	N	N	G	G	G	G	G	G	G	G	G	G	G	N	G	G	G	N	G	G	N	N	G	G	G	G	G	G	G	G	G	G	G	G	G	N	G	N	G	N	G	G	G	G	G	G	N	G	G	G	G	G	N	G	G	N	G	G	G	G	G	G	G	N	G	G	G	G	G	G	G	G	G	G	G	G	N	G	G	G	G	G	G	G	G	G	G	N	N	G	G	G	G	G	G	G	G	G	G	N	G	G	G	G	G	G	G	G	N	G	G	G	G	G	N	G	G	N	G	N	G	N	G	N	N	G	G	G	G	G	G	N	G	G	G	G	G	G	G	N	G	G	G	G	N	G	G	N	N	G	G	G	G	G	G	G	G	G	G	G	G	G	N	G	G	G	G	G	G	G	G	G	G	N	G	N	N	G	G	G	G	N	G	N	G	G	N	G	N	G	G	G	G	N	G	G	G	G	N	N	G	G	N	N	G	G	G	N	G	G	G	G	G	G	G	G	G	G	G	N	G	N	G	G	G	G	G	G	G	N	N	G	G	G	G	G	N	G	G	G	G	G	G	G	G	G	G	N	G	G	N	G	G	N	G	G	G	N	G	N	G	G	G	N	N	G	G	G	G	G	G	G	G	G	G	G	G	G	G	G	G	N	G	G	G	G	G	G	N	G	G	G	G	G	N	G	G	N	G	N	G	N	G	G	G	G	G	N	G	G	G	G	G	G	G	G	N	G	G	G	G	G	G	G	G	G	G	G	N	G	G	G	N	G	G	N	G	G	N	G	G	N	G	G	G	G	N	G	G	N	G	G	G	G	G	G	N	G	G	G	G	G	G	G	G	G	G	G	G	G	G	G	N	G	G	G	G	G	N	G	G	G	N	G	G	G	G	N	G	G	G	G	G	N	G	G	G	G	G	G	N	N	G	G	G	G	G	G	G	G	G	G	G	N	G	G	G	G	G	G	G	G	G	G	G	G	G	G	G	N	G	G	G	G	G	G	G	N	G	G	G	G	N	G	G	G	G	G	G	G	N	G	G	N	G	G	G	G	G	N	G	G	G	N	G	G	N	N	G	G	G	G	G	N	G	G	G	G	G	G	N	G	G	G	G	N	G	N	N	N	G	G	G	G	G	G	G	G	N	G	G	N	N	G	N	G	G	G	G	G	G	G	G	G	G	N	G	N	G	G	G	G	G	G	G	G	N	G	G	G	G	G	G	N	G	G	G	N	G	G	N	G	N	G	G	N	G	N	G	G	G	G	N	G	N	G	G	G	G	G	G	G	G	G	G	G	G	N	G	G	G	G	G	G	G	N	G	G	G	G	G	G	G	N	N	G	G	G	N	G	G	G	G	G	G	G	G	G	G	G	G	G	G	N	G	G	G	G	N	G	N	G	G	G	G	N	G	G	N	G	G	G	G	G	G	G	G	G
4955849	Glyma.18G056600	18	G	A	three_prime_UTR		Gm18_4955849	G/A	18	+							G	G	G	G	G	G	G	G	G	N	N	G	N	G	G	N	G	G	G	G	G	N	G	G	G	G	G	G	G	G	N	G	G	N	G	G	G	G	N	G	G	G	N	G	N	N	G	G	G	G	G	G	G	G	G	G	G	N	G	G	G	N	G	G	G	N	G	N	G	G	G	G	G	G	G	G	G	G	G	N	G	N	G	N	G	G	G	G	G	G	N	G	G	G	G	G	N	G	G	N	G	G	G	G	G	G	G	N	G	G	G	G	G	G	G	G	G	G	G	G	N	G	G	G	G	G	G	G	G	G	G	N	G	G	G	G	G	G	G	G	G	G	G	N	N	G	G	G	G	N	G	G	N	G	G	G	G	G	N	G	G	N	N	N	G	N	G	N	N	G	G	G	G	G	G	N	G	G	G	G	G	G	G	N	N	G	G	G	N	G	G	N	G	G	G	G	G	G	G	G	G	G	G	G	G	G	N	G	G	N	G	G	G	G	G	G	G	G	G	N	N	G	G	G	G	G	G	N	G	G	N	G	N	G	G	G	G	G	G	G	G	G	N	N	G	G	N	N	G	G	G	N	G	G	G	G	G	G	G	G	G	G	G	N	N	N	G	G	G	G	G	G	G	N	N	N	G	G	G	G	N	G	G	G	G	G	G	G	G	G	G	N	G	G	N	G	G	N	G	G	G	N	G	G	G	G	G	N	N	G	G	G	G	G	G	G	G	G	G	G	G	G	G	G	G	G	G	G	G	G	G	G	N	G	G	G	N	G	N	G	G	N	G	N	G	G	N	G	G	G	G	N	G	G	G	G	G	G	G	G	N	G	G	G	G	G	G	G	G	G	G	G	N	G	G	G	N	G	G	G	G	G	G	G	G	N	G	G	G	G	N	N	G	G	G	G	G	N	G	G	N	G	G	G	G	G	G	G	G	G	G	G	G	G	G	G	G	G	N	G	G	G	N	G	G	G	N	G	G	G	G	N	G	N	G	G	G	N	G	G	G	G	G	G	N	N	G	G	G	G	G	G	G	G	G	G	G	N	G	G	G	G	G	G	G	G	G	G	G	N	N	G	G	N	G	G	G	G	G	G	G	N	G	G	G	G	G	G	G	G	G	G	G	G	N	G	G	N	G	G	G	G	G	G	G	G	G	N	G	G	N	N	G	G	G	G	G	N	G	G	G	G	G	N	N	G	G	G	G	N	G	N	N	N	G	G	G	G	G	G	G	G	N	G	N	N	N	G	N	G	G	G	G	G	G	G	G	G	G	N	G	N	N	G	G	G	G	G	G	G	N	G	G	G	G	G	G	N	G	G	G	G	G	G	N	G	N	G	G	N	G	N	G	G	G	G	N	G	N	G	G	G	G	G	G	G	G	G	G	G	G	N	G	G	N	G	G	G	G	N	G	G	G	G	G	G	G	N	N	G	G	G	N	G	G	G	G	G	G	G	G	G	G	G	G	G	N	N	G	G	G	G	N	G	N	G	G	N	G	N	G	G	N	G	G	G	G	G	G	G	G	N
4955854	Glyma.18G056600	18	G	T	three_prime_UTR		Gm18_4955854	G/T	18	+							G	G	G	G	G	G	G	G	G	N	N	G	N	G	G	N	G	G	G	G	G	N	G	G	G	G	G	G	G	G	N	G	G	N	G	G	G	G	N	G	G	G	N	G	N	N	G	G	G	G	G	G	G	G	G	G	G	N	G	G	G	N	G	G	G	N	G	G	G	G	G	G	G	G	G	G	G	G	G	N	G	N	G	N	G	G	G	G	G	G	N	G	G	N	G	G	N	G	G	N	G	G	G	N	G	G	G	N	G	G	G	G	G	G	G	G	G	G	G	G	N	G	G	G	G	G	G	G	G	G	G	G	G	G	G	G	G	G	G	G	G	G	G	N	N	G	G	G	G	N	G	G	N	G	G	G	G	G	N	G	G	N	N	N	G	N	G	N	N	G	G	G	G	G	G	N	G	G	G	G	G	G	G	N	N	G	G	G	N	G	G	N	G	G	G	G	G	G	G	G	G	N	G	G	N	G	N	G	G	N	G	G	G	G	G	G	G	G	G	N	N	G	G	G	G	G	G	N	G	G	N	G	N	G	G	N	G	N	G	G	G	G	N	N	G	G	N	N	G	G	G	N	G	G	G	G	G	G	G	G	G	G	G	G	N	N	G	G	G	G	G	G	G	N	N	G	G	G	G	G	N	G	G	G	G	G	G	N	G	G	G	N	G	G	N	G	G	N	G	G	G	N	G	N	G	G	G	N	N	G	G	G	G	G	G	G	G	G	G	G	G	G	G	G	G	G	G	N	G	G	G	G	N	G	G	G	G	G	N	G	G	N	G	N	G	G	G	G	G	G	G	N	G	G	G	G	G	G	G	G	G	G	G	G	G	G	G	G	G	G	G	G	N	G	G	G	N	G	G	G	G	G	G	G	G	N	G	G	G	G	N	N	G	G	G	G	N	N	G	G	N	G	G	G	G	G	G	G	G	G	G	G	G	G	G	G	G	G	N	G	G	G	N	G	G	G	G	G	G	G	G	N	G	N	G	G	G	N	G	G	G	G	G	G	N	N	G	G	G	G	G	G	G	G	G	G	G	N	G	G	G	G	G	G	G	G	G	G	G	N	G	G	G	N	G	N	G	G	G	G	G	N	G	G	G	G	G	G	G	G	G	G	G	G	N	G	G	N	G	G	G	G	G	G	G	G	G	N	G	G	N	N	G	G	G	G	N	N	G	G	G	G	G	N	N	G	G	G	N	N	G	N	N	N	G	G	G	G	G	G	G	G	G	G	N	N	N	G	N	G	G	G	G	G	G	G	G	G	G	N	G	N	N	G	G	G	G	G	G	G	N	G	G	G	G	G	G	N	G	G	G	N	G	G	N	G	N	G	G	N	G	N	G	G	G	G	N	G	N	G	G	G	G	G	G	G	G	G	G	G	G	N	G	G	N	G	G	G	G	N	G	G	G	G	G	G	G	N	N	G	G	G	N	G	G	G	G	G	G	G	G	G	G	N	G	G	N	N	G	G	G	G	N	G	G	G	G	N	G	N	G	G	N	G	G	G	G	G	G	G	G	N
4955890	Glyma.18G056600	18	C	A	three_prime_UTR		Gm18_4955890	C/A	18	+							C	C	C	C	N	C	C	C	C	N	C	C	N	C	C	N	N	C	C	C	C	N	C	C	C	C	C	N	C	C	N	C	C	N	C	C	C	C	N	C	C	C	C	C	N	N	C	C	C	C	C	C	C	N	C	N	C	N	C	C	C	C	C	C	C	N	N	C	C	C	C	C	C	C	C	C	C	C	C	N	C	N	C	N	C	C	C	C	C	C	C	C	C	C	C	C	N	C	C	N	C	C	C	N	N	C	C	N	C	N	C	C	C	N	C	C	C	C	N	C	N	N	C	C	C	C	C	C	C	N	C	C	N	C	N	N	C	C	N	C	C	C	C	N	C	C	C	C	C	N	C	C	N	C	C	C	C	C	N	C	C	N	N	C	C	N	C	N	N	C	C	C	C	C	C	N	C	N	C	C	C	C	C	N	C	C	C	C	N	C	C	C	N	C	C	C	C	C	C	C	C	C	C	C	C	C	N	C	C	N	C	C	C	N	C	C	C	N	C	N	N	C	C	C	C	C	C	N	C	C	C	C	N	C	C	N	C	C	C	C	N	N	N	N	C	C	C	N	N	C	C	C	C	C	C	C	C	C	C	C	C	C	C	C	C	C	C	C	N	C	N	C	N	N	N	N	C	C	C	C	N	C	C	C	C	C	C	C	C	C	C	N	C	C	C	C	C	N	C	C	C	N	C	C	C	C	C	C	C	N	C	C	N	C	C	C	C	C	C	C	C	C	C	C	C	C	C	C	C	C	N	C	N	C	C	C	C	C	N	C	C	N	C	N	C	C	N	C	C	C	C	N	C	C	N	C	C	C	C	C	C	C	C	C	C	C	C	N	C	C	C	C	N	C	C	C	N	C	C	N	C	C	N	C	C	N	C	C	N	C	N	C	C	C	C	C	C	N	C	C	N	C	C	C	N	C	C	C	C	C	C	C	C	C	C	C	C	C	N	C	C	N	C	C	C	C	C	C	N	C	C	N	C	C	C	C	N	N	C	C	C	C	C	N	N	C	C	C	C	C	C	C	C	C	C	C	C	N	C	C	C	C	C	C	C	N	C	C	C	N	C	C	C	N	C	N	C	C	C	C	C	N	C	C	C	C	C	C	C	C	C	N	C	C	N	C	C	C	N	C	C	C	C	C	C	C	C	N	C	N	N	N	C	C	C	C	C	C	C	C	C	C	C	C	N	C	C	C	C	N	C	N	C	C	C	C	C	C	C	C	C	C	C	C	N	N	N	C	N	C	C	C	C	C	C	C	N	C	C	N	C	C	C	C	C	N	C	C	C	N	C	C	C	C	C	C	C	N	C	C	C	C	C	C	N	C	C	C	C	N	C	C	C	C	C	C	N	C	C	N	C	C	C	C	C	C	C	C	C	C	C	N	C	C	N	C	C	C	C	N	C	C	C	C	C	C	C	C	N	C	C	C	C	C	C	C	C	C	C	C	C	C	C	C	C	C	N	N	C	C	C	C	C	C	C	C	N	C	C	N	C	C	N	C	C	C	C	N	C	C	C	N
4955892	Glyma.18G056600	18	G	A	three_prime_UTR		Gm18_4955892	G/A	18	+							G	G	G	G	G	G	G	G	G	N	G	G	N	G	G	N	G	G	G	G	G	N	G	G	G	G	G	N	G	G	N	G	G	N	G	G	G	G	N	G	G	G	G	G	N	N	G	G	G	G	G	G	G	N	G	N	G	N	G	G	G	G	G	G	G	N	N	G	G	G	G	G	G	G	G	G	G	G	G	N	G	N	G	N	G	G	G	G	G	G	G	G	G	G	G	G	N	G	G	N	G	N	G	N	N	G	G	N	G	N	G	G	G	N	G	G	G	G	N	G	N	N	G	G	G	G	G	G	G	G	G	G	N	G	N	G	G	G	N	G	G	G	G	N	G	G	G	G	G	N	G	G	N	G	G	G	G	G	N	G	G	N	N	G	G	N	G	N	N	G	G	G	G	G	G	N	G	G	G	G	G	G	G	N	G	G	G	G	N	G	G	G	N	G	G	G	G	G	G	G	G	G	G	G	G	G	N	G	G	N	G	G	G	N	G	G	G	N	G	N	N	G	G	G	G	G	G	N	G	G	G	G	G	G	G	N	G	G	G	G	N	N	N	G	G	G	G	N	N	G	G	G	G	G	G	G	G	G	G	G	G	G	G	G	G	G	G	N	N	G	N	G	N	N	N	N	G	G	G	G	N	G	G	G	G	G	G	G	G	G	G	N	G	G	G	G	G	N	G	G	G	N	G	G	G	G	G	G	G	N	G	G	N	G	G	G	G	G	G	G	G	G	G	G	G	G	G	G	G	G	N	G	N	G	G	G	G	G	N	G	G	N	G	N	G	G	N	G	G	G	G	N	G	G	N	G	G	G	G	G	G	G	G	N	G	G	N	N	G	G	G	N	N	G	G	G	N	G	G	G	G	G	N	G	G	N	G	G	N	G	N	G	G	N	G	G	G	N	G	G	N	G	G	G	N	G	G	G	G	G	G	G	G	G	G	G	G	G	N	G	G	N	G	G	G	G	G	G	N	G	G	N	G	G	G	G	N	N	G	G	G	G	G	G	N	G	G	G	G	G	G	G	G	G	N	G	G	N	G	G	G	G	G	G	G	N	G	G	G	N	G	G	G	N	G	N	G	G	G	G	G	N	G	G	G	G	G	G	R	G	G	N	G	G	N	G	G	G	N	G	G	G	G	G	G	G	G	N	G	N	N	N	G	G	G	G	G	G	G	G	G	G	G	G	N	G	G	G	G	N	G	N	G	G	G	G	G	G	G	G	G	G	G	G	N	N	N	G	N	G	G	G	G	G	G	G	G	G	G	N	G	G	G	G	G	N	G	G	G	N	G	G	G	G	G	G	G	N	G	G	G	G	G	G	N	G	G	G	G	N	G	G	G	G	G	G	N	G	G	N	G	G	G	G	G	G	G	G	G	G	G	N	G	G	N	G	G	G	G	N	G	G	G	G	G	G	G	G	N	G	G	G	G	G	G	G	G	G	G	G	G	G	G	G	G	G	N	N	G	G	G	G	G	G	G	G	N	G	G	N	G	G	N	G	G	G	G	N	G	G	G	N
4955926	Glyma.18G056600	18	A	T	three_prime_UTR		Gm18_4955926	A/T	18	+							A	A	A	N	A	A	A	A	A	N	A	A	N	A	A	A	A	A	A	A	A	N	A	A	A	A	A	N	A	A	A	A	A	N	A	A	A	A	A	A	A	A	A	A	A	A	A	A	A	A	A	A	A	N	A	N	A	N	A	A	A	A	A	A	A	N	N	A	A	A	A	A	A	A	A	A	A	A	A	N	N	N	A	N	A	A	A	A	A	A	A	A	N	A	A	N	N	A	A	N	A	A	A	N	N	A	A	A	A	N	A	A	A	N	A	A	A	A	N	A	N	N	A	A	A	A	A	A	A	A	N	A	N	A	N	A	A	A	N	A	A	N	A	N	N	A	A	A	A	N	A	A	N	A	A	A	N	A	N	A	A	N	N	A	A	N	A	N	A	A	A	A	A	A	A	N	N	A	A	A	A	A	A	A	A	A	A	A	A	A	A	N	A	A	A	A	A	A	A	A	A	A	A	A	A	A	N	A	A	N	A	A	A	N	A	A	N	N	A	A	N	N	A	A	A	A	A	N	A	A	A	A	A	A	A	N	A	A	A	A	N	A	A	A	A	A	A	N	A	A	A	A	A	A	A	N	A	A	A	A	A	A	A	A	N	A	A	A	N	A	A	A	N	N	A	N	A	A	A	A	N	A	A	A	A	A	A	A	A	N	A	N	A	A	A	A	A	N	A	A	A	A	A	N	A	A	A	A	A	N	A	A	N	A	A	A	A	A	A	N	N	A	A	N	A	A	A	A	A	A	N	A	N	N	A	A	A	A	N	A	A	A	A	N	A	A	A	A	N	A	A	N	A	A	A	A	A	A	A	A	A	A	A	A	A	A	A	A	A	A	A	A	N	A	A	A	N	A	N	N	A	A	N	A	N	N	A	N	N	A	N	A	A	A	A	A	A	N	A	A	N	A	A	A	A	N	A	N	A	A	A	A	A	N	A	A	A	N	A	A	A	A	A	A	A	N	A	A	A	A	A	A	A	A	A	A	N	N	A	A	A	A	A	A	N	A	A	A	A	A	A	A	A	A	A	N	A	N	A	A	A	A	A	A	A	A	A	A	N	A	A	A	A	A	N	A	A	A	A	A	A	A	A	A	A	A	A	A	A	A	A	N	A	A	N	A	A	A	A	A	N	A	A	A	A	A	A	N	A	A	N	N	A	A	A	A	N	A	A	N	A	A	A	A	A	A	A	A	A	N	A	N	A	N	A	N	A	A	A	A	A	A	A	A	N	N	N	A	A	A	A	A	A	N	A	A	A	A	A	A	A	A	N	A	A	N	A	A	A	N	A	A	A	A	A	A	A	N	A	A	A	A	A	A	N	A	A	A	A	A	A	A	A	A	A	A	A	N	A	N	N	A	A	A	A	N	A	A	A	A	A	N	A	A	A	A	A	A	A	N	A	A	A	A	A	A	A	A	N	A	A	A	A	A	A	A	A	A	A	A	A	A	A	N	A	A	N	A	A	A	A	A	N	N	A	A	A	A	A	N	A	N	N	A	A	A	A	A	A	A	A	N
4955931	Glyma.18G056600	18	C	T	three_prime_UTR		Gm18_4955931	C/T	18	+							C	C	C	N	C	C	C	C	C	N	C	C	N	C	N	C	N	C	C	C	C	N	C	C	C	C	C	N	N	C	C	C	C	N	C	C	C	C	C	C	C	C	C	C	C	C	C	C	C	C	C	C	C	N	C	N	C	N	C	C	C	C	C	C	C	N	N	C	C	C	C	C	C	C	C	C	C	C	C	C	N	N	C	N	C	C	C	C	C	C	C	C	N	C	C	N	N	N	C	N	C	C	C	N	N	C	C	C	C	N	C	C	C	N	C	C	C	C	N	C	N	C	N	C	C	C	N	C	C	C	N	C	N	C	N	C	C	C	N	C	C	N	C	N	N	C	C	C	C	N	C	C	N	C	C	C	N	C	C	C	C	N	N	C	C	N	C	N	C	C	C	C	C	C	C	N	C	C	C	C	C	C	C	C	C	C	C	C	C	C	C	C	C	C	C	C	C	C	C	C	C	C	C	C	C	C	N	C	C	N	C	C	C	N	C	C	N	N	C	C	N	N	C	C	C	C	C	N	C	C	C	C	C	C	C	N	C	C	C	C	N	C	C	C	C	C	C	N	C	C	C	C	C	C	C	N	C	C	C	C	C	C	C	C	N	C	C	C	N	C	C	C	N	N	C	N	C	C	C	C	N	C	C	C	C	C	C	C	C	N	C	N	C	C	C	C	C	N	C	C	C	C	C	C	C	C	C	C	C	N	C	C	N	C	C	C	C	C	C	N	N	C	C	C	C	C	C	C	C	C	N	C	N	C	C	C	C	C	N	C	C	C	C	N	N	C	C	C	N	C	C	C	C	C	C	C	C	C	C	C	C	C	C	N	C	C	C	C	C	C	C	C	N	C	C	C	C	C	C	N	C	C	N	C	N	N	C	N	N	C	N	C	C	C	C	C	C	N	C	C	N	C	C	C	C	N	C	N	C	C	C	C	C	N	C	C	C	N	C	C	C	C	C	C	C	C	C	C	C	C	C	C	C	C	C	C	N	N	N	C	C	C	C	C	N	C	C	C	C	C	C	C	C	C	C	N	C	N	C	C	C	C	C	C	C	C	N	C	N	C	C	C	C	C	N	C	C	C	C	C	C	C	C	C	C	C	C	C	C	C	C	N	C	C	N	C	C	C	C	C	N	C	C	C	C	N	C	N	C	C	N	N	C	C	N	C	N	C	N	N	C	C	C	C	C	C	C	C	C	N	C	N	C	N	C	N	C	C	C	C	C	C	C	C	N	N	N	C	N	C	C	C	C	N	C	C	C	C	C	C	N	C	N	C	C	N	C	C	C	N	C	C	C	C	C	C	C	N	C	C	C	C	C	C	N	C	C	C	C	C	C	C	C	C	C	C	C	C	C	N	N	C	C	C	C	N	C	C	C	C	C	N	C	C	C	C	C	C	C	N	C	C	C	C	C	C	C	C	N	C	C	C	C	C	C	C	C	C	C	C	C	C	C	C	C	C	C	N	N	C	C	C	N	N	C	C	C	C	C	N	C	N	C	C	C	C	C	C	C	C	C	N
4955964	Glyma.18G056600	18	A	G	three_prime_UTR		Gm18_4955964	A/G	18	+							A	A	A	N	A	A	A	A	A	N	A	A	A	A	N	A	A	A	A	A	A	N	A	A	A	A	A	N	A	A	N	A	A	N	A	A	A	A	A	A	A	A	A	A	A	A	A	A	A	A	A	A	A	N	A	N	A	N	A	A	A	A	A	A	A	A	N	A	A	A	A	A	A	A	A	N	A	A	A	N	A	A	A	N	A	A	A	A	A	A	A	A	N	A	A	A	N	N	A	A	A	A	A	N	N	A	A	A	A	N	A	A	N	A	A	A	A	A	A	A	N	A	N	A	A	A	N	A	A	A	A	A	N	N	N	A	A	A	N	A	A	N	A	A	N	A	A	A	A	N	A	N	A	A	A	A	N	A	A	A	A	N	N	A	A	N	N	N	A	N	A	N	A	A	N	N	A	A	N	N	A	A	A	A	A	A	A	A	N	A	A	A	A	A	A	A	A	A	A	A	A	A	A	A	A	A	N	A	A	A	N	A	A	N	A	A	N	N	A	N	N	A	A	A	A	N	A	N	A	N	A	A	N	A	A	N	A	A	A	A	A	A	A	A	A	A	A	N	A	A	A	A	A	A	A	N	A	A	A	A	A	A	A	A	N	N	A	A	N	A	A	A	N	N	A	A	A	A	A	A	N	A	A	A	A	A	N	A	A	A	A	N	N	A	A	A	A	N	A	A	N	A	N	N	A	A	A	N	A	N	A	A	N	A	A	A	A	A	N	N	N	A	A	A	A	A	N	N	A	A	N	A	N	A	A	A	A	A	N	A	A	A	A	N	N	A	A	A	A	A	A	A	A	A	A	A	A	A	A	A	A	A	N	N	A	A	A	A	A	A	A	N	N	A	N	A	A	A	A	A	A	A	N	A	N	N	A	A	N	N	N	A	A	A	A	A	A	N	A	N	N	A	A	A	A	N	A	N	N	N	A	A	A	N	A	A	A	N	A	N	A	A	A	A	A	N	N	A	A	A	A	N	N	A	A	A	N	N	A	A	A	A	A	A	N	A	A	A	A	A	A	A	A	A	A	N	A	N	A	A	A	A	A	A	A	A	N	A	N	A	A	A	A	A	N	A	A	A	A	A	A	A	A	A	A	A	A	A	A	A	A	N	A	A	N	A	A	A	A	A	N	A	A	A	A	A	A	N	A	A	N	N	N	A	N	A	A	A	N	N	A	A	A	A	A	A	A	A	N	N	A	N	A	N	A	A	A	A	A	A	A	A	A	A	N	N	A	A	A	A	A	A	A	N	A	A	A	A	A	A	N	A	N	A	A	N	A	A	A	A	A	A	A	A	A	N	A	A	N	N	A	A	A	A	A	A	A	A	A	A	A	A	A	A	A	A	A	A	A	N	A	A	A	A	A	N	A	A	A	A	A	A	A	A	A	A	A	A	N	N	A	N	A	A	A	A	A	A	N	A	A	A	A	A	A	A	N	A	A	A	A	A	A	A	A	A	A	A	N	A	A	A	A	N	A	A	A	A	A	A	A	N	A	A	A	A	A	A	A	A	A	N
4955983	Glyma.18G056600	18	T	A	three_prime_UTR		Gm18_4955983	T/A	18	+							T	T	T	N	T	T	T	T	T	N	T	T	T	T	N	T	T	T	T	T	T	N	T	T	T	T	T	N	T	T	N	T	T	T	T	T	T	T	T	T	T	T	T	T	T	T	T	N	T	T	T	T	T	N	T	T	T	N	T	T	T	T	T	T	T	T	N	T	T	T	T	N	T	T	T	T	T	T	T	N	N	T	T	N	T	T	T	T	T	T	T	T	N	N	T	T	N	N	T	T	T	T	T	N	N	T	T	T	T	N	T	T	T	T	T	T	T	T	T	T	N	T	N	T	T	T	N	T	T	N	T	T	T	N	N	T	T	T	N	T	T	T	T	T	T	T	T	T	T	N	T	N	T	T	T	T	N	T	T	T	T	T	N	T	T	N	T	N	T	T	T	T	T	T	N	N	T	T	N	N	T	N	T	T	T	T	T	T	N	T	N	T	T	T	T	T	T	T	T	T	T	T	T	T	T	T	T	T	T	T	N	T	N	N	T	T	T	N	T	N	N	T	T	T	T	T	T	N	T	N	T	T	N	T	T	N	T	T	T	T	T	T	N	T	T	T	T	N	T	T	T	T	T	T	T	N	T	T	T	T	T	T	N	T	T	N	T	T	N	T	T	T	T	N	T	T	T	T	T	N	N	T	T	T	T	T	N	T	T	T	T	N	T	T	T	T	T	N	T	T	T	T	N	N	T	T	T	N	T	N	T	T	N	N	T	T	N	T	N	N	N	T	T	T	T	T	T	N	N	T	N	T	N	T	T	N	T	T	N	T	T	T	T	N	T	T	T	T	T	T	T	T	N	T	T	T	T	T	T	T	T	T	T	T	T	T	T	T	T	T	T	N	N	T	N	T	T	T	T	N	T	T	N	T	N	N	N	T	T	N	N	T	T	T	T	T	T	N	T	N	N	T	T	T	T	N	T	N	T	N	T	N	T	N	T	T	T	N	T	T	T	T	T	T	T	T	N	T	N	T	T	N	N	T	T	T	N	N	N	T	T	T	T	T	N	T	T	T	T	T	T	T	T	T	T	N	T	N	T	T	T	T	T	T	N	T	N	T	N	T	T	T	T	T	T	T	T	T	T	T	T	T	T	T	T	T	N	T	T	T	T	N	T	T	T	T	T	T	T	T	T	T	T	T	T	T	T	N	T	T	N	N	N	T	T	N	T	T	T	N	T	T	T	T	T	T	T	T	N	N	N	T	T	N	T	T	T	T	T	T	T	T	T	T	N	N	T	T	T	T	T	T	T	N	N	T	T	T	N	T	N	T	N	T	T	N	T	T	T	N	T	T	T	T	T	N	T	T	N	N	T	N	T	T	T	T	T	N	T	T	T	T	T	T	T	T	T	T	T	N	T	T	T	T	T	N	T	T	T	T	T	T	T	T	T	T	T	T	T	N	T	N	T	T	N	T	T	T	N	T	T	T	T	T	T	T	N	T	T	T	T	T	T	T	T	T	T	T	N	T	T	T	T	N	T	T	T	T	N	T	T	N	T	T	T	T	N	T	T	N	T	N
4956015	Glyma.18G056600	18	T	C	three_prime_UTR		Gm18_4956015	T/C	18	+							T	T	T	N	T	T	N	T	T	T	T	T	T	T	N	T	T	T	T	T	T	N	T	T	T	T	T	N	T	T	N	T	T	T	T	T	T	N	T	T	N	T	T	T	T	T	T	T	N	T	T	T	T	N	N	T	T	N	T	T	T	T	T	T	N	N	N	N	N	T	T	T	T	T	T	N	T	T	T	T	N	T	T	N	T	T	T	T	T	T	T	T	N	T	T	T	T	N	T	T	T	T	T	N	N	T	T	T	T	N	T	T	T	T	T	T	T	T	T	T	N	T	N	T	T	T	N	T	T	T	T	T	T	N	N	T	T	T	N	T	T	T	T	T	T	T	T	T	T	N	T	N	T	N	T	T	T	T	N	T	T	T	T	T	T	T	T	N	T	T	T	T	T	T	T	T	T	T	T	N	T	T	T	T	T	T	T	T	N	T	T	N	T	T	T	T	T	T	T	T	T	T	T	T	N	T	T	T	T	T	N	T	N	N	T	N	T	N	T	N	N	N	T	T	T	T	N	N	N	T	T	N	N	N	T	N	T	T	N	T	T	T	N	T	T	T	T	N	T	N	T	T	T	T	T	N	T	T	T	T	T	T	T	T	T	N	T	N	N	T	T	T	N	N	T	T	T	T	T	T	N	T	T	T	N	T	N	T	T	T	T	T	T	T	T	T	T	T	T	T	N	T	T	N	N	T	N	N	T	N	N	T	T	N	T	T	T	T	N	T	N	T	N	T	T	T	T	T	T	T	N	T	N	T	T	T	T	T	T	T	T	T	T	N	T	T	T	T	T	T	T	T	T	T	N	T	T	T	T	T	T	T	T	T	T	T	T	T	T	T	T	N	T	T	N	T	T	T	T	T	T	T	T	T	N	N	N	T	T	T	N	T	T	N	T	T	N	N	N	N	N	T	N	T	T	T	T	T	T	T	T	N	T	N	T	T	T	T	T	T	T	T	N	T	T	T	N	T	N	T	T	N	T	T	T	T	N	N	N	T	T	T	T	T	N	T	T	T	T	T	T	T	N	T	T	N	T	N	T	T	T	T	T	T	T	T	N	T	N	T	T	T	T	T	T	T	N	T	T	T	T	T	T	T	T	T	N	T	T	T	T	T	T	T	T	T	T	T	T	T	T	T	T	T	T	T	T	N	T	T	N	N	T	T	N	T	T	T	T	N	T	T	T	T	T	T	T	T	T	T	T	T	T	N	T	T	T	T	T	N	T	T	T	T	N	N	T	T	T	T	T	T	T	N	T	T	T	T	T	T	N	T	N	T	T	N	T	T	T	T	T	T	T	T	T	T	N	T	N	N	T	N	N	T	T	T	T	T	T	T	T	T	T	T	T	T	T	T	T	N	N	N	T	T	T	N	T	T	T	T	T	N	T	T	T	T	T	T	T	N	T	N	T	T	N	T	T	T	N	T	T	T	T	T	T	T	N	T	T	N	T	T	T	T	T	T	T	T	N	T	T	T	N	N	T	T	T	T	N	T	T	N	T	T	T	T	N	T	T	N	T	N
4956033	Glyma.18G056600	18	A	T	three_prime_UTR		Gm18_4956033	A/T	18	+							A	A	N	A	A	A	N	A	A	A	A	A	A	A	N	A	A	A	A	A	A	A	N	A	A	A	A	N	N	A	A	N	A	N	A	A	A	A	A	A	N	A	A	A	A	A	A	A	N	A	A	A	A	N	N	A	A	N	N	N	A	A	A	A	N	N	N	N	N	A	A	A	A	A	A	N	A	A	A	A	N	A	A	N	A	A	A	A	A	A	A	A	N	A	A	A	A	N	A	A	N	A	A	N	N	A	A	A	A	N	A	A	A	A	A	A	A	A	A	A	A	A	N	A	A	A	N	A	A	A	A	A	A	A	N	A	A	A	N	A	A	A	A	A	A	N	A	A	A	N	A	N	A	N	A	A	A	A	N	A	A	A	A	A	A	A	A	N	A	A	A	A	A	A	A	A	A	A	A	N	A	A	A	A	A	A	A	A	N	A	A	A	A	A	A	A	A	A	A	A	A	A	A	A	N	A	A	A	A	A	N	A	A	N	N	N	A	A	A	N	N	A	A	A	A	A	N	N	A	A	A	N	N	A	A	N	A	A	N	A	A	A	N	A	A	A	A	N	A	A	A	A	A	A	A	N	A	A	A	A	A	A	A	A	A	N	A	N	A	A	A	A	N	N	A	A	A	A	A	A	A	A	A	A	A	A	N	A	A	A	A	N	A	A	A	A	A	A	A	A	N	A	A	N	N	A	A	A	A	A	A	A	A	A	A	A	A	A	N	A	A	A	A	A	A	A	A	N	A	A	N	A	N	A	A	A	A	A	A	A	A	A	A	N	A	A	A	A	A	A	A	A	A	A	A	A	A	A	A	A	A	A	N	A	A	A	A	A	A	A	A	N	A	A	N	A	A	A	A	A	A	A	A	A	N	N	A	A	A	A	N	A	A	A	A	A	N	N	N	N	N	A	N	N	A	N	N	N	A	N	A	N	A	N	A	A	A	A	A	A	A	A	N	A	A	A	N	A	N	A	A	N	A	A	A	A	N	N	N	A	A	A	A	A	N	A	A	N	A	A	A	A	A	A	N	N	A	N	A	A	A	A	A	A	A	A	N	A	N	A	A	A	A	A	A	A	N	N	A	A	A	A	A	A	A	A	N	A	A	A	A	A	A	A	A	A	A	A	A	A	A	A	A	A	A	A	A	N	A	A	N	N	A	A	N	A	A	A	A	N	A	A	A	A	A	A	A	A	A	A	A	A	A	N	A	A	A	A	A	N	A	A	A	A	A	N	A	A	A	A	A	A	A	N	A	A	A	A	N	A	N	A	N	A	A	N	A	A	A	A	A	A	A	A	A	N	N	A	N	N	A	N	A	A	A	A	A	A	A	A	A	A	A	A	A	A	A	A	A	N	N	A	A	A	A	N	N	A	A	A	A	A	A	A	A	A	A	A	A	N	A	N	A	A	N	A	A	A	N	A	A	A	A	A	A	A	N	N	A	A	A	A	A	A	A	A	A	A	N	A	A	A	N	N	A	N	A	A	N	A	A	N	A	A	A	A	N	A	A	N	A	N
4956037	Glyma.18G056600	18	G	A	three_prime_UTR		Gm18_4956037	G/A	18	+							G	G	N	G	G	G	N	G	G	N	G	G	G	G	N	G	G	G	G	G	G	N	N	G	G	G	G	N	N	G	G	N	G	N	G	G	G	G	G	G	N	G	G	G	G	G	G	N	N	G	G	G	G	N	N	G	G	N	G	N	G	G	G	G	N	N	N	N	N	G	G	G	G	G	G	N	G	G	G	G	N	G	G	N	G	G	G	G	G	G	G	G	N	N	G	N	G	N	G	G	N	G	G	N	N	G	N	G	G	N	G	G	G	G	N	G	G	G	G	G	G	G	N	G	G	G	N	G	G	G	G	G	G	G	N	G	G	G	N	G	G	G	G	G	G	N	G	G	G	N	G	N	G	N	G	G	G	G	N	G	G	G	G	G	G	G	G	N	G	G	G	G	G	G	G	G	G	G	G	N	G	G	G	G	G	G	G	G	N	G	G	G	G	G	G	G	G	G	G	G	G	G	G	G	N	G	G	G	G	G	N	G	G	N	N	N	G	G	G	N	N	G	G	G	G	G	N	N	G	G	G	N	N	G	G	N	G	G	N	G	G	G	N	G	G	G	G	G	G	G	G	G	G	G	G	N	G	G	G	G	G	G	G	G	G	N	G	N	G	G	G	G	N	N	N	G	G	G	G	G	G	G	G	G	G	G	N	G	G	G	G	N	G	G	G	G	G	G	G	G	N	G	G	N	N	G	G	G	G	G	G	G	G	G	G	G	G	G	N	G	G	G	G	G	G	G	G	N	G	G	N	G	N	G	G	G	G	G	G	G	G	G	G	N	G	G	G	G	G	G	G	G	G	G	G	G	G	G	G	G	G	G	G	G	G	G	G	G	G	G	G	N	G	G	N	G	G	G	G	G	G	G	G	G	N	N	G	G	G	G	N	G	G	G	G	G	N	N	N	N	N	G	N	N	G	N	N	N	G	N	G	N	G	N	G	G	G	G	G	G	G	G	N	G	G	G	N	G	N	G	G	N	G	G	G	G	N	N	N	G	G	G	G	G	N	G	G	N	G	G	G	G	G	G	G	N	G	N	G	G	G	G	G	G	G	G	N	G	N	G	G	G	G	N	G	G	N	N	G	G	G	G	G	G	G	G	N	G	G	G	G	G	G	G	G	G	G	G	G	G	G	G	G	G	G	G	G	N	G	G	N	N	G	G	N	G	G	G	G	N	G	G	G	G	G	G	G	G	G	G	G	G	G	N	G	G	G	G	G	N	G	G	G	N	G	N	G	G	G	G	G	G	G	N	G	G	G	G	N	G	N	G	N	G	G	N	G	G	G	G	G	G	G	G	G	N	N	G	N	N	G	N	G	G	G	G	G	G	G	G	G	G	G	G	G	G	G	G	G	N	N	G	G	G	G	N	N	G	G	G	G	G	G	G	G	N	G	G	G	N	G	N	G	G	N	G	G	G	N	G	G	G	G	G	G	G	N	N	G	G	G	G	G	G	G	G	G	G	N	G	G	G	N	N	G	N	G	G	N	G	G	N	G	G	N	G	N	G	G	N	G	N
4956050	Glyma.18G056600	18	A	C	three_prime_UTR		Gm18_4956050	A/C	18	+							A	A	N	A	A	A	N	A	A	N	A	A	A	A	N	A	A	A	A	A	A	N	N	A	A	A	A	N	N	A	A	A	A	A	A	A	A	A	A	A	A	A	A	A	A	A	A	N	N	A	A	A	A	N	A	A	A	N	A	A	A	A	A	A	N	N	N	N	N	A	N	A	A	A	A	N	A	A	A	A	N	A	A	N	A	A	A	A	A	A	A	A	N	A	N	A	A	N	A	A	N	A	A	A	N	A	A	A	A	N	A	A	A	A	A	A	A	A	A	A	A	A	N	A	A	A	N	A	A	A	A	A	A	A	N	A	A	A	N	A	A	A	A	A	A	N	A	A	A	N	A	A	A	A	A	A	A	A	N	A	A	A	A	A	A	A	A	N	A	A	A	A	A	A	N	A	A	A	A	N	A	A	A	A	A	A	A	A	A	A	A	A	A	A	A	A	A	A	A	A	A	A	A	A	N	A	A	A	A	N	N	A	N	N	N	N	A	N	A	N	N	A	A	N	A	A	N	N	A	A	A	N	N	N	A	N	A	A	N	A	A	A	N	A	A	A	A	A	A	N	A	A	A	A	A	N	N	A	A	A	A	A	A	A	A	N	A	N	A	A	A	A	N	A	A	A	A	A	N	A	N	N	A	A	N	N	N	A	A	A	A	N	A	A	A	A	A	A	A	A	A	A	A	A	N	A	A	N	A	A	A	A	A	A	A	A	A	A	N	A	A	A	A	A	A	A	A	N	A	A	N	A	N	A	A	A	A	A	N	A	A	A	A	N	A	A	A	A	A	A	A	A	A	A	A	A	A	A	A	A	A	A	A	A	A	A	A	A	A	A	A	N	A	A	N	A	A	A	A	A	A	A	A	A	N	N	A	A	A	A	N	A	A	N	A	A	N	N	N	A	N	A	N	N	A	N	N	N	A	N	A	N	A	N	A	A	A	A	A	A	A	A	N	A	A	A	N	A	N	A	A	N	A	A	A	A	N	N	N	A	A	A	A	A	N	A	A	N	A	A	A	A	A	A	A	N	A	N	A	A	A	A	A	A	A	A	N	A	N	N	A	A	A	A	A	A	N	A	A	A	A	A	A	A	A	A	N	A	A	A	A	A	A	A	A	N	A	A	A	A	A	A	A	A	A	A	A	N	A	N	N	N	A	A	N	A	A	A	N	N	A	A	A	A	A	A	N	A	A	A	A	A	A	N	A	A	A	A	A	N	A	A	N	A	A	N	A	A	A	A	A	A	A	N	A	A	A	A	A	A	N	A	N	A	A	N	A	A	A	A	A	N	A	A	A	N	N	A	N	N	A	N	A	A	A	A	A	A	A	A	A	A	A	A	A	A	N	A	A	N	N	A	A	A	A	N	N	A	A	A	A	A	A	A	A	N	A	A	A	A	A	N	A	A	N	A	A	A	N	A	A	A	A	A	A	A	N	N	A	A	A	A	A	N	A	A	N	A	N	A	A	A	N	N	A	N	A	A	N	N	A	A	A	N	A	A	N	A	A	N	A	N
4956057	Glyma.18G056600	18	T	A	three_prime_UTR		Gm18_4956057	T/A	18	+							T	T	N	T	T	T	N	T	T	T	T	T	T	T	N	T	N	T	T	T	T	N	N	T	T	T	T	N	T	T	T	T	T	T	T	T	T	T	T	T	T	N	T	T	T	T	T	N	N	T	T	T	T	N	T	T	T	N	T	T	T	T	T	T	N	N	N	N	N	T	N	T	T	T	T	T	T	T	T	T	N	T	T	N	T	T	T	T	T	T	T	T	N	T	N	T	T	N	T	T	T	T	T	T	N	T	T	T	T	N	T	T	T	T	T	T	T	T	T	T	T	T	N	T	T	T	N	T	T	N	T	T	T	T	N	T	T	T	N	T	T	T	T	T	T	T	T	T	T	N	T	T	T	T	T	T	T	T	N	T	T	T	T	T	T	T	T	N	T	T	T	T	T	T	N	T	T	T	T	N	T	T	T	T	T	T	T	T	T	T	T	T	T	T	T	T	T	T	T	T	T	T	T	T	N	T	T	T	T	N	N	T	T	N	N	N	T	T	T	N	N	T	T	N	T	T	N	N	T	T	T	T	N	T	T	N	T	T	N	T	T	N	N	T	T	T	T	T	T	T	T	T	T	T	T	N	N	T	T	T	T	T	T	T	T	N	T	N	T	T	T	T	N	T	T	T	T	T	N	T	T	N	T	T	T	N	N	T	T	T	T	T	T	T	T	T	T	T	T	T	T	T	T	T	T	T	T	N	T	T	T	T	T	T	T	T	T	T	N	T	T	T	T	T	T	T	T	N	T	T	N	T	N	T	N	T	T	N	N	T	T	T	T	N	T	T	T	T	T	T	T	T	T	T	T	T	T	T	T	T	T	T	N	T	T	T	T	T	T	T	T	N	T	T	N	T	T	T	T	T	T	T	T	T	N	N	T	T	T	T	N	T	T	T	T	T	N	N	N	T	N	T	N	N	T	N	N	N	T	N	T	N	T	N	T	T	T	T	T	N	T	T	N	T	T	T	T	T	N	T	T	N	T	T	T	T	N	N	N	T	T	T	T	T	N	T	T	T	T	T	T	T	T	T	T	N	T	N	T	T	T	T	T	T	T	T	N	T	N	N	T	T	T	T	T	T	N	T	T	T	T	T	T	T	T	T	N	T	T	T	T	T	T	T	T	N	T	T	T	T	T	T	T	T	T	T	T	T	T	N	N	N	N	T	N	T	T	T	N	N	T	T	T	T	T	T	T	T	T	T	T	T	T	N	T	T	T	T	T	T	T	T	N	T	T	N	T	T	T	T	T	T	T	N	T	T	T	T	T	T	N	T	N	T	T	N	T	T	T	T	T	N	T	T	T	T	N	T	T	N	T	N	T	T	T	T	T	T	T	T	T	T	T	T	T	T	T	T	T	N	N	T	T	T	T	N	N	T	T	T	T	T	T	T	T	N	T	T	T	T	T	N	T	T	N	T	T	T	N	T	T	T	T	T	T	T	N	N	T	T	T	T	T	T	T	T	N	T	N	T	T	T	N	N	T	N	T	T	N	T	T	T	T	T	T	T	N	T	T	N	T	N
4956059	Glyma.18G056600	18	A	T	three_prime_UTR		Gm18_4956059	A/T	18	+							A	A	N	A	A	A	N	A	A	A	A	A	A	A	N	A	N	A	A	A	A	A	N	A	A	A	A	N	A	A	A	A	A	A	A	A	A	A	A	A	A	N	A	A	A	A	A	N	N	A	A	A	A	N	A	A	A	N	A	A	A	A	A	A	N	N	N	A	N	A	N	A	A	A	A	A	A	A	A	A	N	A	A	N	A	A	A	A	A	A	A	A	N	A	A	A	A	A	A	A	A	A	A	A	N	A	A	A	A	N	A	A	A	A	A	A	A	A	A	A	A	A	N	A	A	A	N	A	A	A	A	A	A	A	N	A	A	A	N	A	A	A	A	A	A	A	A	A	A	N	A	A	A	A	A	A	A	A	N	A	A	A	A	A	A	A	A	N	A	A	A	A	A	A	N	A	A	A	A	N	A	A	A	A	A	A	A	A	A	A	A	A	A	A	A	A	A	A	A	A	A	A	A	A	N	A	A	A	A	N	N	A	A	N	N	N	A	A	A	N	N	A	A	N	A	A	N	N	A	A	A	A	N	A	A	N	A	A	N	A	A	N	N	A	A	A	A	A	A	A	A	A	A	A	A	N	N	A	A	A	A	A	A	A	A	N	A	N	A	A	A	A	N	A	A	A	A	A	N	A	A	N	A	A	A	N	N	A	A	A	A	A	A	A	A	A	A	A	A	A	A	A	A	A	A	A	A	N	A	A	A	A	A	A	A	N	A	A	N	A	A	A	A	A	A	A	A	N	A	A	N	A	N	A	A	A	A	N	N	A	A	A	A	N	A	A	A	N	A	A	A	A	A	A	A	A	A	A	A	A	A	A	N	A	A	A	A	A	A	A	A	N	A	A	N	A	A	A	A	A	A	A	A	A	N	N	A	A	A	A	N	A	A	A	A	A	N	N	N	A	N	A	N	A	A	N	N	N	A	N	A	A	A	N	A	A	A	A	A	N	A	A	N	A	A	A	A	A	A	A	A	N	A	A	A	A	N	N	N	A	A	A	A	A	N	A	A	A	A	A	A	A	A	A	A	A	A	N	A	A	A	A	A	A	A	A	N	A	N	N	A	A	A	A	A	A	N	A	A	A	A	A	A	A	A	A	N	A	A	A	A	A	A	A	A	N	A	A	A	A	A	A	A	A	A	A	A	A	A	N	N	N	N	A	N	A	A	A	N	N	A	A	A	A	A	A	A	A	A	A	N	A	A	N	A	A	A	A	A	A	A	A	N	A	A	N	A	A	A	A	A	A	A	N	A	A	A	A	A	A	N	A	N	A	A	N	A	A	A	A	A	N	A	A	A	A	N	A	A	N	A	N	A	A	A	A	A	A	A	A	A	A	A	A	A	A	A	A	A	N	N	A	A	A	A	N	N	A	A	A	A	A	A	A	A	N	A	A	A	A	A	N	A	A	N	A	A	A	N	A	A	A	A	A	A	A	N	N	A	A	A	A	A	A	A	A	N	N	N	A	A	A	N	N	A	N	A	A	N	A	A	A	A	A	A	A	N	A	A	N	A	N
4956062	Glyma.18G056600	18	A	T	three_prime_UTR		Gm18_4956062	A/T	18	+							A	N	N	A	A	A	N	A	A	A	A	A	A	A	N	A	N	A	A	A	A	A	N	A	A	A	A	N	A	N	N	A	A	A	A	A	A	A	A	A	A	N	A	A	A	A	A	N	N	A	A	A	A	A	A	A	A	N	A	A	A	A	A	A	N	N	N	A	N	A	A	A	A	A	A	A	A	A	A	A	N	A	A	A	A	A	A	A	A	A	A	A	N	A	A	A	A	A	A	A	A	A	A	A	N	A	A	A	N	N	A	A	A	A	A	A	A	A	A	A	A	A	N	A	A	A	N	A	A	A	A	A	A	A	N	A	A	A	N	A	A	A	A	A	A	A	N	A	A	N	A	A	A	A	A	A	A	A	N	A	A	A	A	A	A	N	A	N	A	A	A	A	A	A	N	A	A	A	A	N	A	N	A	A	A	A	A	A	N	A	A	A	A	A	A	A	A	A	A	A	A	A	A	A	N	A	A	A	A	N	N	A	A	N	N	N	A	A	A	N	N	A	A	N	A	A	N	N	A	A	A	A	N	A	A	N	A	A	N	A	A	N	N	A	A	A	A	A	A	A	A	A	A	A	A	N	N	A	A	A	A	A	A	A	A	N	A	N	N	A	A	A	N	A	A	A	A	A	N	A	A	N	A	A	A	N	N	A	A	A	A	A	A	A	A	A	A	A	A	A	A	A	A	A	A	N	A	N	A	N	N	A	A	A	A	N	A	A	N	A	A	A	A	A	A	A	A	N	A	A	N	A	N	A	A	A	A	N	N	N	A	A	A	N	A	A	A	N	A	A	A	A	A	A	A	A	A	A	A	A	A	A	N	A	A	A	A	A	A	A	A	N	A	A	N	A	A	A	N	A	A	A	A	A	N	N	N	A	A	A	N	A	A	A	A	A	N	N	N	A	N	A	N	A	A	N	N	N	A	N	A	A	A	N	A	A	A	A	A	N	A	A	N	A	A	A	A	A	N	A	A	N	A	A	A	A	N	N	N	A	A	A	A	A	N	A	A	A	A	A	A	A	A	A	A	A	A	N	A	A	A	A	A	A	A	A	N	A	N	N	A	A	A	A	A	A	N	A	A	A	A	A	A	A	A	A	N	A	A	A	N	A	A	A	A	N	A	A	A	A	A	A	A	A	A	A	A	A	A	A	N	N	N	A	N	A	A	A	N	N	A	A	A	A	A	A	A	A	A	A	A	A	A	N	A	A	A	A	A	A	A	A	N	A	A	N	A	A	A	A	A	A	A	N	A	A	A	A	A	A	N	A	N	A	A	N	A	A	A	A	A	N	A	A	A	A	N	A	A	N	A	N	A	A	A	A	A	A	A	A	A	A	A	A	A	A	A	A	A	N	N	A	A	A	A	N	N	A	A	A	A	A	A	A	A	A	A	A	A	A	A	N	A	A	N	A	A	A	N	A	A	A	N	A	A	A	N	N	A	A	A	A	A	N	A	A	N	N	N	A	A	A	N	N	A	N	A	A	N	A	A	A	A	A	A	A	N	A	A	N	A	N
4956066	Glyma.18G056600	18	A	G	three_prime_UTR		Gm18_4956066	A/G	18	+							A	A	N	A	A	A	N	A	A	A	A	A	A	A	N	A	N	A	A	A	A	A	N	A	A	A	A	N	A	N	N	A	N	A	A	A	A	A	A	A	A	N	A	A	A	A	A	N	N	A	A	A	A	A	A	A	A	N	A	A	A	A	A	A	N	N	N	A	N	A	A	A	A	A	A	A	A	A	A	A	N	A	A	A	A	A	A	A	A	A	A	A	N	A	A	A	A	A	A	A	A	A	A	N	N	A	A	A	N	N	A	A	A	A	A	A	A	A	A	A	A	A	N	A	A	A	N	A	A	A	A	A	A	A	N	A	A	A	N	A	A	A	A	A	A	A	A	A	A	N	A	A	A	A	A	A	A	A	N	A	A	A	A	A	A	A	A	N	A	A	A	A	A	A	N	A	A	A	A	N	A	N	A	A	A	A	A	A	N	A	A	A	A	A	A	A	A	A	A	A	A	A	A	A	N	A	A	A	A	N	N	A	A	N	N	N	A	A	A	N	N	A	A	N	A	A	A	N	A	A	A	A	N	A	A	N	A	A	N	A	A	N	N	A	A	A	A	A	A	A	A	A	A	A	A	N	N	A	A	A	A	A	A	A	A	N	A	N	N	A	A	A	N	A	A	A	A	A	N	A	A	N	A	A	A	N	N	A	A	A	A	A	A	A	A	A	A	A	A	A	A	A	A	A	A	N	A	N	A	A	N	A	A	A	A	A	A	A	N	A	A	A	N	A	A	A	A	N	A	A	N	A	N	A	A	A	A	N	N	A	A	A	A	N	A	A	A	N	A	A	A	A	A	A	A	A	A	A	N	A	A	A	N	A	A	A	A	A	A	A	A	N	A	A	N	A	A	A	N	A	A	A	A	A	N	N	N	A	A	A	N	A	A	A	A	A	N	N	N	A	N	A	N	A	A	N	N	N	A	N	A	A	A	N	A	A	A	A	A	N	A	A	N	A	A	A	A	A	N	A	A	N	A	A	A	A	N	N	N	A	A	A	A	A	N	A	A	A	A	A	A	A	A	A	A	A	A	N	A	A	A	A	A	A	A	A	N	A	N	N	A	A	A	A	A	A	N	A	A	A	A	A	A	A	A	A	N	A	A	A	N	A	A	A	A	N	A	A	N	A	A	A	N	A	A	A	A	A	A	A	N	N	N	A	N	A	A	A	A	N	A	A	A	A	N	A	A	A	A	A	A	A	A	N	A	A	A	A	A	A	A	A	N	A	A	N	A	A	A	A	A	A	A	N	A	A	A	A	A	A	N	A	N	A	A	N	A	A	A	A	A	N	A	A	A	A	N	A	A	N	A	N	A	A	A	A	A	A	A	A	A	A	A	A	A	A	A	A	A	N	N	A	A	A	A	N	N	A	A	A	A	A	A	A	A	A	A	A	A	A	A	N	A	N	N	A	A	A	N	A	A	A	A	A	A	A	N	N	A	A	A	A	A	A	A	A	N	N	N	A	A	A	N	N	A	A	A	A	N	A	A	A	A	A	A	A	N	A	A	N	A	N
4956070	Glyma.18G056600	18	T	G	three_prime_UTR		Gm18_4956070	T/G	18	+							T	T	N	T	T	T	N	T	T	T	T	T	T	T	N	T	N	T	T	T	T	T	N	T	T	T	T	N	T	N	N	T	N	T	T	T	T	T	T	T	T	N	T	T	T	T	T	N	N	T	T	T	T	T	T	T	T	N	T	T	T	T	T	T	N	N	N	T	N	T	T	T	T	T	T	T	T	T	T	T	N	T	T	T	T	T	T	T	T	N	T	T	N	T	T	T	T	T	T	T	T	T	T	T	N	T	T	T	N	N	T	T	T	T	T	T	T	T	T	T	T	T	N	T	T	T	N	T	T	T	T	T	T	T	N	N	T	T	N	T	T	T	T	T	T	T	T	T	T	N	T	T	T	T	T	T	T	T	N	T	T	T	T	T	T	T	T	N	T	T	T	T	T	T	N	T	T	T	T	N	T	N	T	T	T	T	T	T	N	T	T	T	T	T	T	T	T	T	T	T	T	T	T	T	N	T	T	T	T	N	N	T	T	N	N	N	T	T	T	N	N	T	T	N	T	T	T	N	T	T	T	T	N	T	T	N	T	T	N	T	T	N	N	T	T	N	T	T	T	T	T	T	T	T	T	N	N	T	T	T	T	T	T	T	T	N	T	N	N	T	T	N	T	T	T	T	T	T	N	T	T	N	T	T	T	T	N	T	T	T	T	T	T	T	T	T	T	T	T	T	T	T	N	T	T	N	T	N	T	N	N	N	T	T	T	T	T	T	N	T	T	T	T	T	T	T	T	N	T	T	N	T	N	T	T	T	T	N	T	T	T	T	T	N	T	T	T	N	T	T	T	T	T	T	N	T	T	T	T	T	T	T	N	T	T	T	T	T	T	T	T	N	T	T	N	T	N	T	N	T	T	T	T	T	N	N	N	T	T	N	N	T	T	T	T	T	N	N	N	T	N	T	N	T	T	N	N	N	T	N	T	T	T	N	T	T	T	T	T	N	N	T	N	T	T	T	T	T	N	T	T	N	T	T	T	T	N	N	N	T	T	T	N	T	N	T	T	T	T	T	T	T	T	N	T	T	T	N	T	T	T	T	T	T	T	T	N	T	N	N	T	T	T	T	T	T	N	T	T	T	T	T	T	T	T	T	N	T	T	T	N	T	T	T	T	N	T	T	N	T	T	T	N	T	T	T	T	T	T	N	N	N	N	T	N	T	T	T	T	N	T	T	T	T	N	T	T	T	T	T	T	T	T	T	T	T	T	T	T	T	T	T	N	T	T	N	T	T	T	T	T	T	T	N	T	T	T	T	N	T	N	T	N	T	T	N	T	T	T	T	T	T	T	T	T	T	N	T	T	N	T	N	T	T	T	T	T	T	T	T	T	T	T	T	T	T	T	T	T	N	N	T	T	T	T	N	N	T	T	T	T	T	T	T	T	T	T	T	T	T	T	T	T	N	N	T	T	T	N	T	T	T	T	T	T	T	N	N	T	T	T	T	T	T	T	T	N	N	N	T	T	T	N	N	T	T	T	T	N	T	T	T	T	T	T	T	N	T	T	N	T	N
4956074	Glyma.18G056600	18	G	C	three_prime_UTR		Gm18_4956074	G/C	18	+							G	G	N	G	G	G	N	G	G	G	G	G	G	G	N	G	N	G	G	G	G	G	N	G	G	G	G	N	G	N	N	G	N	G	G	G	G	G	G	G	G	N	G	G	G	G	G	G	N	G	G	G	G	G	G	G	G	N	N	N	N	G	G	G	N	N	G	G	N	G	G	G	G	G	G	G	G	G	G	G	N	G	G	G	G	G	G	G	G	N	G	G	N	G	G	G	G	G	G	G	G	G	G	G	N	G	G	G	N	N	G	G	G	G	G	G	G	G	G	G	G	G	N	G	G	G	N	G	G	G	G	G	G	G	G	N	G	G	N	G	G	G	G	G	G	G	G	G	G	N	G	G	G	G	G	G	G	G	N	G	G	G	G	G	G	G	G	N	G	G	G	G	G	G	N	N	G	G	G	G	G	N	G	G	G	G	G	G	N	G	G	G	G	G	G	G	G	G	G	G	G	G	G	G	N	G	G	G	G	N	G	G	G	N	N	N	G	G	G	N	N	G	G	N	G	G	G	N	G	G	G	G	N	G	G	N	G	G	N	G	G	N	N	G	G	G	G	G	G	G	G	G	G	G	G	N	N	N	G	G	G	G	N	G	G	N	G	N	N	G	G	N	G	G	G	G	G	G	N	G	G	N	G	G	G	G	N	G	G	G	G	G	G	G	N	G	G	G	G	G	N	G	N	G	G	N	G	N	G	N	N	G	G	G	G	G	G	G	N	G	G	G	G	G	G	G	G	N	G	G	N	G	N	G	G	G	G	N	G	G	G	G	G	N	G	G	G	N	G	G	N	G	G	G	G	G	G	G	G	G	G	G	N	G	G	G	G	G	G	G	G	N	G	G	N	G	N	G	N	G	G	G	G	G	N	N	N	G	G	G	N	G	N	G	G	G	N	N	N	G	N	G	N	G	G	N	N	N	G	N	G	N	G	N	G	G	G	G	G	N	N	G	N	G	G	G	G	G	N	G	G	N	G	G	G	G	N	N	N	G	G	G	N	G	N	G	G	G	G	G	G	G	G	G	G	G	G	N	G	G	G	G	G	G	G	G	N	G	N	N	G	G	G	G	G	G	N	G	G	G	G	G	G	G	G	G	N	G	G	G	N	G	G	G	N	N	N	G	N	G	G	G	N	G	G	G	G	G	G	N	N	N	G	G	G	G	G	G	G	N	G	G	G	G	N	G	G	G	G	G	G	G	G	G	G	G	G	G	G	G	G	G	N	G	G	G	G	G	G	G	G	G	G	N	G	G	G	G	N	G	N	G	G	G	G	N	G	G	G	G	G	G	G	G	G	G	N	G	G	G	G	N	G	G	G	G	G	G	G	G	G	N	G	G	G	G	G	G	G	N	N	G	G	G	G	N	N	G	G	G	G	G	G	G	G	G	G	G	G	G	G	G	G	N	N	G	G	G	N	G	G	G	G	G	G	G	N	N	G	N	G	G	G	G	G	G	N	N	N	G	G	G	N	N	G	G	G	G	N	G	G	G	G	G	N	G	N	G	G	N	G	N
4956132	Glyma.18G056600	18	G	A	three_prime_UTR		Gm18_4956132	G/A	18	+							G	G	N	G	N	G	N	G	G	G	N	G	N	G	N	N	N	G	G	G	G	G	N	G	G	G	N	N	N	N	G	G	N	G	G	G	G	N	G	G	G	G	G	G	G	N	G	N	N	G	G	G	G	N	G	G	G	N	G	N	G	G	G	N	N	N	G	N	G	G	G	G	G	G	G	G	G	G	G	N	N	G	G	G	G	G	G	N	G	G	G	N	N	G	G	N	G	G	G	G	N	G	G	G	N	G	N	G	G	G	G	G	G	G	G	G	G	G	G	G	G	G	N	G	G	N	N	G	N	N	G	G	G	G	N	G	G	G	N	G	N	G	G	G	G	G	G	G	G	G	G	G	G	N	G	G	N	G	N	N	G	G	G	G	G	G	N	G	G	G	G	G	G	G	N	G	G	G	G	N	G	N	G	G	G	G	G	N	G	G	G	G	N	N	G	G	G	N	G	N	G	G	G	G	N	G	G	G	G	N	G	G	N	N	G	N	G	N	G	N	N	G	G	G	G	N	G	G	G	G	G	N	N	G	N	G	G	N	N	G	G	N	N	G	G	G	G	G	G	G	G	G	N	G	G	N	N	G	N	G	G	N	G	G	G	N	G	N	N	G	G	N	G	G	G	G	G	G	N	A	G	G	N	G	G	G	G	G	G	N	A	G	G	G	G	G	G	G	G	G	N	A	G	G	N	N	G	G	G	N	G	N	G	G	G	G	G	G	N	G	N	G	G	G	N	G	A	N	G	G	G	G	N	N	G	G	G	G	N	G	G	G	G	N	G	G	G	G	G	G	G	G	G	G	G	G	G	G	G	G	G	N	G	G	G	G	G	G	G	G	G	G	G	G	N	G	N	G	G	G	G	G	G	G	N	N	G	N	N	G	N	G	G	G	G	G	G	N	N	G	G	G	N	G	G	G	G	G	G	G	G	G	G	N	G	G	N	G	G	N	N	G	N	G	G	G	G	G	G	G	G	N	G	G	G	G	G	N	G	G	G	G	G	N	N	G	G	G	G	G	G	G	G	G	G	G	G	N	G	G	G	G	G	G	G	G	N	N	N	N	G	G	G	G	G	G	N	G	G	G	G	G	G	G	G	A	N	G	G	N	G	G	G	G	G	N	G	N	N	G	N	N	G	G	G	G	G	G	G	G	N	N	R	G	N	G	A	G	G	N	G	G	N	G	G	G	G	G	G	G	G	G	G	G	G	G	G	G	G	G	G	G	N	G	G	G	G	G	G	G	G	G	G	N	G	G	G	G	G	N	G	G	G	G	G	G	G	G	G	N	G	G	G	N	G	G	N	G	G	G	G	N	G	G	G	N	G	G	G	G	G	G	G	G	G	G	G	G	G	N	N	N	G	G	G	N	N	G	G	G	G	G	G	G	G	N	G	G	G	G	G	N	G	G	N	G	G	G	N	G	G	G	G	G	G	G	G	G	G	G	G	N	G	G	N	G	G	N	G	G	G	A	G	N	G	G	G	G	N	N	G	G	G	G	N	G	N	G	G	N	G	N
4956157	Glyma.18G056600	18	C	A	three_prime_UTR		Gm18_4956157	C/A	18	+							C	C	N	C	N	C	N	C	C	C	N	C	N	C	N	C	N	C	C	N	C	C	N	C	C	C	N	N	N	C	C	C	N	C	N	C	C	C	C	C	N	C	C	C	C	N	C	N	N	C	C	C	N	N	C	C	C	N	C	C	C	C	N	N	N	N	C	C	C	C	C	C	C	C	C	C	C	C	C	C	N	C	C	C	C	N	C	C	C	C	C	N	N	C	C	N	C	C	C	C	C	C	C	C	N	C	N	C	C	C	C	C	C	C	C	C	C	C	C	N	C	C	N	C	C	N	N	C	N	N	N	C	C	C	N	C	C	C	N	C	C	C	C	N	C	C	C	C	C	C	N	C	C	C	C	C	N	C	N	C	C	C	C	C	C	C	C	C	C	C	C	C	C	N	N	N	C	C	C	N	C	C	C	C	C	C	C	N	C	C	N	C	C	N	C	C	C	N	C	N	C	C	C	N	N	C	C	C	C	N	N	C	N	N	C	N	C	C	C	C	N	C	C	C	C	N	C	C	C	N	C	N	N	C	C	C	C	N	N	C	N	N	N	C	C	C	C	C	C	C	C	C	N	C	C	N	N	C	C	C	C	C	C	C	C	N	C	N	C	C	C	N	C	C	C	C	C	C	N	N	C	C	N	C	C	C	C	C	C	N	C	C	C	C	C	C	C	C	C	C	C	C	C	C	N	N	C	N	C	N	C	N	C	C	C	C	C	C	C	C	C	C	C	C	N	C	C	N	C	C	N	C	N	C	C	C	C	N	C	C	C	C	C	N	C	C	C	C	C	C	C	C	C	C	N	C	C	N	C	C	C	N	C	C	N	C	C	C	C	C	C	C	C	C	N	C	N	C	C	C	C	C	C	C	N	C	C	C	N	N	N	C	C	N	C	C	C	N	N	C	N	C	N	C	C	C	C	C	C	C	C	C	C	C	C	C	N	C	C	N	C	C	N	C	C	C	C	C	C	C	C	N	C	C	C	C	C	N	C	C	C	C	C	N	C	C	C	C	C	C	C	C	C	C	C	C	C	N	C	C	N	C	C	C	C	C	N	N	N	N	C	C	C	C	N	C	N	C	C	C	C	C	C	C	C	C	N	C	C	N	C	C	C	C	C	N	C	C	C	N	N	C	N	C	C	C	C	C	C	C	N	N	C	C	N	C	C	C	C	N	C	C	C	C	C	C	C	C	C	C	C	C	C	C	C	C	C	C	C	C	C	C	N	C	C	N	C	C	C	C	C	C	C	N	C	C	C	C	N	C	C	C	C	C	C	C	C	C	N	C	C	C	C	C	C	C	N	C	C	C	N	N	C	C	N	N	C	C	C	C	C	C	C	C	C	C	C	C	C	N	N	N	N	C	C	C	C	C	C	C	C	C	C	C	C	C	C	C	C	C	C	N	N	C	N	C	C	C	N	C	C	C	C	C	C	C	C	C	C	C	C	N	C	C	C	C	C	N	C	C	C	C	C	N	C	C	C	C	C	N	C	C	C	C	N	C	N	C	C	C	C	N
4956159	Glyma.18G056600	18	T	G	three_prime_UTR		Gm18_4956159	T/G	18	+							T	T	N	T	N	T	N	T	T	T	N	T	N	T	N	T	N	T	T	N	T	T	N	T	T	T	N	N	N	T	T	T	N	T	N	T	T	T	T	T	T	T	T	T	T	T	T	N	N	T	T	T	N	T	T	T	T	N	T	T	T	T	N	N	N	N	T	T	T	T	T	T	T	T	T	T	T	T	T	T	N	T	T	T	T	N	T	T	T	T	T	N	N	T	T	N	T	T	T	T	T	T	T	T	N	T	N	T	T	T	T	T	T	T	T	T	T	T	T	N	T	T	N	T	T	N	N	T	N	N	N	T	T	T	N	T	T	T	N	T	T	T	T	N	T	T	T	T	T	T	N	T	T	T	T	T	N	T	N	T	T	T	T	T	T	T	T	T	T	T	T	N	T	T	N	N	T	T	T	N	T	T	T	T	T	T	T	N	T	T	N	T	T	N	T	T	T	T	T	N	T	T	T	N	N	T	T	T	T	N	N	T	N	N	T	N	T	T	T	T	N	T	T	T	T	N	T	T	T	N	T	N	N	T	T	T	T	N	N	T	N	N	N	T	T	T	T	T	T	T	T	T	T	T	T	N	N	T	T	T	T	T	T	T	T	T	T	N	T	T	T	N	T	T	T	T	T	T	N	N	T	T	N	T	T	T	N	T	T	N	T	T	T	T	T	T	T	T	T	T	T	T	T	T	N	N	T	T	T	N	T	N	T	T	T	T	T	T	T	T	T	T	T	T	T	T	T	N	T	T	T	T	N	T	T	T	T	N	T	T	T	T	T	N	T	T	T	T	T	T	T	T	T	T	T	T	T	N	T	T	T	T	T	T	T	T	T	T	T	T	T	T	T	T	N	T	N	T	T	T	T	T	T	T	N	T	T	T	N	N	N	T	T	T	T	T	N	N	N	T	N	T	N	N	T	T	T	T	T	T	N	T	T	T	T	T	N	T	T	N	T	T	N	T	T	T	T	T	T	T	T	N	T	T	T	T	T	N	T	T	T	T	T	N	T	T	T	T	T	T	T	T	T	T	T	T	T	N	T	T	N	T	T	T	T	T	N	N	N	N	T	T	T	T	N	T	N	T	T	T	T	T	T	T	T	T	N	T	T	N	T	T	T	T	T	N	T	T	T	T	N	T	N	T	T	T	T	T	T	T	N	N	T	T	N	T	T	T	T	N	T	T	N	T	T	T	T	T	T	T	T	T	T	T	T	T	T	T	N	T	T	T	N	T	T	T	T	T	T	T	T	T	T	N	T	T	N	T	N	T	T	T	T	T	T	T	T	T	N	T	T	T	T	T	T	T	N	N	T	T	N	N	T	T	N	N	T	T	T	T	T	T	T	T	T	T	T	T	T	N	N	N	N	T	T	T	T	T	T	N	T	T	T	T	T	T	T	T	T	T	T	N	N	T	N	T	T	T	N	T	T	T	T	T	T	T	T	T	T	T	T	N	T	T	T	T	T	N	T	N	T	T	T	N	T	T	T	T	T	N	T	T	T	T	N	T	N	T	T	T	T	N
4956182	Glyma.18G056600	18	T	A	three_prime_UTR		Gm18_4956182	T/A	18	+							T	T	T	T	N	T	N	T	T	T	N	T	N	T	T	T	N	T	T	T	T	T	N	T	T	T	N	T	T	T	T	T	N	T	N	T	N	T	T	T	T	T	T	T	T	T	N	N	N	T	T	T	N	T	T	T	T	N	T	T	T	T	N	N	N	N	T	T	T	T	T	T	T	T	T	T	T	T	N	T	N	T	T	T	T	T	T	T	T	T	T	T	N	T	T	N	T	T	T	T	T	T	T	T	N	T	N	T	T	T	T	T	T	T	T	T	T	T	T	N	T	T	N	T	T	T	N	T	N	N	T	T	T	T	T	T	T	T	N	T	T	T	T	T	T	T	T	T	T	T	T	T	T	T	N	N	N	T	N	T	T	T	T	T	T	T	T	T	T	T	T	T	T	T	T	T	T	T	T	N	T	T	T	T	T	T	T	N	N	T	T	T	N	N	T	T	T	T	T	N	N	T	T	N	N	T	T	T	T	N	N	T	N	T	T	N	T	T	T	T	N	T	T	T	T	N	T	T	T	N	T	N	N	T	N	T	T	N	N	T	T	T	N	T	T	T	T	T	T	T	T	T	T	T	T	T	N	T	N	T	T	T	T	T	T	T	T	N	T	T	T	N	T	T	T	T	T	T	N	T	T	T	T	T	T	T	T	T	T	N	T	T	T	T	T	T	T	T	T	T	T	T	T	T	T	N	T	N	T	N	T	N	T	T	T	T	T	T	T	T	T	T	T	T	T	T	T	N	T	T	T	T	N	T	T	T	T	N	T	T	T	T	T	N	T	T	T	T	T	T	T	T	T	T	T	T	T	T	T	T	T	T	T	T	T	T	T	T	T	T	T	T	T	T	N	T	N	T	T	T	T	T	T	T	T	N	T	T	N	T	N	T	T	T	T	T	T	N	N	T	T	T	N	N	T	T	T	T	N	T	T	T	T	T	T	T	N	T	T	N	T	T	N	T	T	N	T	N	T	T	T	N	T	T	T	T	T	N	T	T	T	T	T	N	T	T	T	T	T	N	N	T	T	T	T	T	T	N	T	T	N	T	T	T	T	T	N	N	N	N	T	T	N	T	T	T	N	T	T	T	T	T	T	T	T	T	N	T	T	T	T	T	T	T	T	T	T	T	T	T	T	T	N	T	T	T	T	T	T	T	N	N	T	T	N	T	T	T	N	N	T	T	T	T	T	T	T	T	T	T	N	T	T	T	T	T	T	T	N	T	T	T	N	T	N	T	T	T	T	T	T	T	T	N	T	T	T	T	T	N	T	T	T	T	T	T	T	T	N	T	T	T	T	T	T	T	N	N	T	T	N	N	T	T	T	N	T	T	T	T	T	T	T	T	T	T	T	N	T	N	N	N	N	T	T	T	T	T	T	T	T	T	T	T	T	T	T	T	T	N	T	N	T	T	N	T	T	T	N	T	T	T	T	T	T	T	T	T	T	T	T	T	N	T	T	T	T	T	T	T	T	T	T	N	T	T	T	T	T	N	T	T	T	T	N	T	N	T	T	T	T	N
4956188	Glyma.18G056600	18	C	T	three_prime_UTR		Gm18_4956188	C/T	18	+							C	C	C	C	N	C	N	C	C	C	N	C	N	C	C	C	N	N	C	C	C	C	N	C	C	C	N	C	C	C	C	C	N	C	N	C	N	C	C	C	C	C	C	C	C	C	N	N	N	C	C	C	N	Y	N	C	C	N	C	C	C	C	N	N	C	C	C	C	C	C	C	C	C	C	C	C	C	N	C	C	N	C	C	C	C	C	C	C	C	C	C	N	N	C	C	N	C	C	C	C	C	C	C	C	N	C	N	C	C	C	C	C	C	C	C	C	C	C	C	N	C	C	N	C	C	C	N	C	N	N	C	C	C	C	C	C	C	C	N	C	C	C	C	C	C	C	C	C	C	C	C	C	C	N	N	N	N	C	N	C	C	C	C	C	C	C	C	C	C	C	C	C	C	C	C	C	C	C	C	N	C	C	C	C	C	C	C	N	N	C	C	C	N	N	C	C	C	C	C	N	N	C	C	N	N	C	C	C	C	N	N	C	N	C	C	N	C	N	C	C	N	C	C	C	C	N	C	C	C	N	C	N	N	C	N	C	C	C	N	C	C	C	N	C	C	C	C	C	C	C	C	C	C	C	C	C	N	C	N	C	C	C	C	C	C	C	C	N	C	C	C	N	C	C	C	C	C	C	N	C	C	C	C	C	C	C	C	C	C	N	C	C	C	C	C	C	C	C	C	C	C	C	C	C	C	N	C	N	C	N	C	N	C	C	C	C	C	C	C	C	C	C	C	C	C	C	C	N	C	C	C	C	N	C	C	C	C	N	C	C	N	C	N	N	C	C	C	C	C	C	C	C	C	C	C	C	C	C	C	C	C	C	C	C	C	C	C	C	C	C	C	C	C	C	N	C	N	C	C	C	C	C	C	C	N	N	C	C	N	N	N	C	C	C	C	C	C	N	N	C	C	C	N	N	C	C	C	C	N	C	C	C	C	C	C	C	C	C	C	N	N	C	N	C	C	N	C	N	C	C	C	N	C	C	C	C	C	N	C	C	C	C	C	N	C	C	C	C	C	N	C	C	C	C	C	C	C	N	C	C	N	C	C	C	C	C	N	N	N	N	C	N	N	C	C	C	C	C	C	C	C	C	C	C	C	C	N	C	C	C	C	C	C	C	C	C	C	C	C	N	C	N	N	C	C	C	C	C	C	C	N	N	C	C	N	C	C	C	C	N	C	C	C	C	C	C	C	C	C	C	N	C	C	C	C	C	C	C	N	C	C	C	N	C	N	N	C	C	C	C	C	C	C	N	C	C	C	C	C	C	C	C	C	C	C	C	C	C	N	C	C	N	C	C	C	C	N	N	C	C	N	N	N	C	C	N	C	C	C	C	C	C	C	C	C	C	C	N	C	N	N	N	N	N	C	N	C	C	C	C	C	N	C	C	C	C	C	C	C	N	C	N	C	C	N	C	C	C	N	C	C	C	C	C	C	C	N	C	C	C	C	C	C	C	C	C	C	C	N	C	C	C	C	N	C	C	C	C	C	N	C	C	C	C	N	C	N	C	C	C	C	N
4956193	Glyma.18G056600	18	T	G	three_prime_UTR		Gm18_4956193	T/G	18	+							T	T	T	T	N	T	N	T	T	T	N	T	N	T	T	T	N	N	T	N	T	T	N	T	T	T	N	T	T	T	N	T	N	T	N	T	N	T	T	T	T	T	T	T	T	T	N	N	N	T	T	T	N	T	N	T	T	N	N	T	T	T	N	N	T	T	T	T	T	T	T	T	T	T	T	T	T	N	T	T	N	T	T	T	T	T	T	T	T	T	T	N	N	T	T	N	T	T	T	T	T	T	T	T	N	T	N	T	N	T	T	T	T	T	T	T	T	T	T	N	T	T	N	N	T	T	N	T	N	N	T	T	T	T	T	T	T	T	N	T	T	T	T	T	T	T	T	T	T	T	T	T	N	N	T	N	N	T	N	T	T	T	N	N	T	T	T	T	T	T	T	T	T	T	T	T	T	T	T	N	T	T	T	T	T	T	T	N	N	T	T	T	N	N	T	T	T	T	T	N	N	T	T	N	N	T	T	T	T	N	N	T	N	T	T	N	T	T	T	T	N	T	T	T	T	N	T	T	T	N	T	N	N	T	T	T	T	T	N	T	T	T	N	T	T	T	N	T	T	N	T	T	T	T	T	T	N	T	N	T	T	T	T	T	T	T	T	N	T	T	T	N	T	T	T	T	T	T	N	T	N	T	T	T	T	T	T	T	T	N	T	T	T	T	T	T	T	T	T	T	T	T	T	T	N	N	T	N	T	T	T	T	T	T	T	T	T	T	T	T	T	T	T	T	T	T	T	N	T	T	T	T	N	T	N	T	T	N	T	T	N	T	N	N	T	T	T	T	T	T	T	T	T	T	T	T	T	T	T	T	T	T	T	T	T	T	T	T	T	T	T	N	T	T	N	T	N	T	N	T	T	T	T	T	N	N	T	T	N	N	N	T	T	T	T	T	N	N	N	T	T	T	N	N	T	T	T	T	N	T	T	T	T	N	T	T	T	T	T	N	N	T	N	T	T	N	T	N	T	T	T	N	T	T	T	T	T	N	T	N	T	T	T	N	T	T	T	T	T	N	T	T	T	T	T	T	T	N	T	T	N	T	T	T	T	T	N	N	N	N	T	T	N	T	T	T	T	T	T	N	T	T	T	T	T	T	N	T	T	N	T	T	T	T	T	T	T	T	T	T	T	T	N	T	T	T	T	T	T	T	N	N	T	T	T	T	T	T	T	N	T	T	T	T	T	T	T	T	T	T	N	T	T	T	T	T	T	T	N	T	T	T	N	T	N	T	T	T	T	T	T	T	T	N	T	T	T	T	T	T	T	T	T	T	T	T	T	T	N	T	T	T	T	T	T	T	N	N	T	T	N	N	T	T	T	N	T	T	T	T	T	T	T	T	T	T	T	T	T	N	N	N	N	T	T	N	T	T	T	T	T	N	T	T	T	T	T	T	T	N	T	N	N	T	N	T	T	T	N	T	T	T	T	T	T	T	N	T	T	T	T	N	T	T	T	T	T	T	N	T	T	T	T	N	T	T	T	T	T	N	T	T	T	T	N	T	N	T	T	T	T	N
4956215	Glyma.18G056600	18	G	A	three_prime_UTR		Gm18_4956215	G/A	18	+							G	G	G	G	N	G	G	G	G	G	N	G	N	G	G	G	G	N	N	G	G	N	G	G	G	N	N	G	N	G	N	G	N	N	N	N	G	G	G	G	G	G	G	G	G	N	N	N	G	G	G	G	G	G	N	G	N	N	N	G	G	G	N	G	G	G	N	G	G	G	G	G	G	G	G	G	N	N	G	G	N	G	G	G	G	N	G	N	G	G	G	N	N	N	G	N	G	G	G	G	N	G	G	G	N	G	N	G	G	G	G	G	G	N	G	G	G	N	G	G	G	G	N	N	G	N	N	N	N	N	N	G	N	G	N	G	G	G	N	G	G	G	G	G	G	G	G	G	G	G	G	G	N	G	N	N	N	G	G	G	G	G	G	G	G	G	G	G	G	G	G	G	G	G	G	G	G	G	G	N	G	G	G	G	G	G	G	N	N	G	N	G	N	N	G	G	G	G	G	N	N	G	G	N	N	G	G	G	G	G	N	G	G	N	G	N	G	G	G	N	N	G	G	G	G	G	G	G	G	N	G	N	N	G	G	G	G	G	N	N	G	N	N	G	G	G	G	G	G	N	N	G	G	G	G	G	N	G	G	G	G	G	G	G	G	G	G	N	N	G	G	N	G	G	G	G	G	G	N	N	N	G	G	G	G	G	G	G	G	N	G	G	G	G	G	N	N	G	G	G	G	G	G	G	N	N	N	G	G	G	G	G	G	G	G	G	N	G	G	N	G	G	G	G	G	G	N	N	G	G	G	G	N	G	N	G	G	N	N	G	N	N	N	N	G	G	G	G	G	G	G	G	G	G	G	G	G	G	G	G	G	G	G	G	G	G	N	G	G	G	G	N	G	N	N	G	N	G	N	G	G	G	G	G	N	N	G	G	N	N	N	N	G	G	G	G	G	N	N	G	G	G	N	N	G	G	G	G	G	G	G	N	G	N	G	G	N	G	G	N	N	G	N	G	G	N	G	N	G	G	G	G	G	G	G	G	G	N	G	N	G	G	G	N	G	G	G	G	G	G	G	G	G	G	G	G	G	N	G	G	N	G	G	G	G	G	N	N	G	N	G	G	N	G	G	G	G	N	G	G	G	G	G	G	G	G	N	G	G	G	G	G	G	G	G	G	G	G	G	G	G	G	N	G	G	G	G	G	N	G	N	G	G	G	G	G	G	G	G	N	N	G	G	G	G	G	G	G	G	G	G	G	G	G	G	G	G	G	G	N	G	G	N	G	G	G	G	G	G	G	G	G	G	N	G	G	G	G	G	G	G	G	G	G	G	G	G	G	N	G	G	G	G	G	N	G	N	N	G	N	N	N	G	G	G	N	G	G	G	N	G	G	G	G	G	G	G	G	G	N	N	N	N	G	G	G	G	G	G	G	G	G	N	G	G	G	G	G	N	N	G	N	G	G	N	G	N	G	N	G	G	G	G	G	G	G	G	G	G	G	G	N	G	G	G	G	G	G	G	G	G	G	G	N	G	G	G	G	G	N	G	G	G	G	N	G	N	G	G	G	G	N
4956255	Glyma.18G056600	18	T	C	three_prime_UTR		Gm18_4956255	T/C	18	+							T	T	T	T	N	T	N	T	T	T	N	T	T	T	N	T	T	N	T	T	T	T	N	T	T	T	N	T	T	T	N	N	T	N	N	N	T	T	T	T	T	T	T	T	N	N	N	N	T	T	T	N	T	T	N	T	N	N	N	T	T	T	N	T	T	T	T	T	T	T	T	N	T	T	T	N	T	N	T	T	N	N	T	T	T	N	T	T	T	N	T	N	N	N	N	N	T	T	T	T	N	T	T	T	T	T	T	T	T	T	T	T	T	T	T	T	T	N	T	T	T	T	N	T	T	T	N	T	T	N	N	T	N	T	N	T	T	T	T	T	T	T	T	T	T	T	T	T	T	T	T	T	N	T	T	N	N	T	T	T	T	T	T	T	T	T	T	T	T	T	T	T	T	T	N	T	T	T	T	N	T	N	T	T	T	T	N	T	T	T	N	T	N	N	N	T	T	T	T	N	N	T	T	N	T	T	T	T	T	T	N	T	T	N	T	T	T	T	T	T	N	T	N	T	T	T	T	T	T	N	N	N	N	T	T	T	T	N	N	T	T	T	N	T	T	T	N	T	T	T	T	N	T	N	T	T	N	T	T	T	N	T	N	T	N	T	T	N	T	N	T	N	N	T	T	N	T	T	N	N	N	T	T	N	T	T	N	N	T	N	T	T	T	T	T	T	T	T	T	T	T	T	T	T	N	T	T	T	T	N	T	T	T	T	T	T	T	T	T	T	T	T	N	T	T	T	N	N	N	T	N	T	N	T	T	N	N	N	N	T	N	T	N	N	T	T	T	T	T	T	T	T	T	T	T	T	T	T	T	T	N	T	T	T	T	T	N	T	T	T	T	N	T	T	T	T	N	T	N	T	T	T	T	T	N	N	T	T	N	N	N	T	T	T	N	T	T	N	N	T	N	T	N	N	T	T	T	T	T	T	T	N	N	T	T	T	T	T	T	T	T	T	N	T	T	N	T	N	T	T	T	T	T	T	T	T	T	N	T	N	T	T	T	N	T	N	T	T	T	T	T	T	T	T	T	T	T	T	T	T	T	T	T	T	T	T	T	T	T	N	T	T	N	T	T	T	T	T	T	T	T	T	T	T	T	T	T	T	T	T	N	N	T	T	N	T	N	T	T	T	T	T	N	T	T	T	T	T	T	N	N	N	T	T	T	T	N	T	T	N	T	T	T	T	T	T	T	T	T	N	T	N	T	N	T	N	T	T	T	N	T	N	N	T	T	T	T	T	N	T	T	T	T	N	T	T	T	T	T	T	T	T	T	T	T	T	T	N	N	T	T	N	T	T	T	T	N	T	T	T	N	N	T	T	T	N	T	T	T	N	N	T	T	T	T	T	T	T	T	N	N	N	N	T	T	N	T	T	T	T	T	N	T	T	T	T	T	T	T	N	T	N	T	T	N	T	T	T	N	T	T	T	T	T	T	T	N	N	N	T	T	N	T	T	T	T	T	T	T	T	T	T	T	N	T	T	T	T	T	N	T	T	T	T	T	T	N	T	T	T	T	N
4956279	Glyma.18G056600	18	A	T	three_prime_UTR		Gm18_4956279	A/T	18	+							A	A	A	A	N	A	N	A	N	A	A	A	A	A	N	A	A	N	A	A	A	A	N	A	A	A	A	A	A	A	N	A	A	N	N	N	N	A	A	A	A	A	A	A	A	N	N	N	A	A	A	N	A	A	A	A	N	N	N	A	N	A	A	A	A	A	A	A	A	A	A	A	A	A	A	N	A	N	A	A	N	N	A	A	A	A	A	A	A	N	A	N	A	N	A	N	N	A	A	N	A	A	A	A	N	A	A	A	A	A	A	A	A	A	N	A	A	N	A	A	A	A	A	A	A	A	A	A	A	N	N	A	N	A	N	A	N	A	A	A	A	A	A	A	A	A	A	A	A	A	A	A	N	A	A	A	A	A	A	A	N	A	A	A	A	A	A	A	A	A	A	A	A	A	A	N	A	A	A	N	A	A	A	A	A	A	N	A	N	A	N	A	A	N	N	A	A	A	N	N	N	A	A	N	A	A	A	A	A	N	N	A	A	N	A	A	A	A	A	A	N	A	N	A	A	A	A	A	A	N	N	N	N	A	A	A	A	A	N	A	A	A	N	A	N	A	N	A	A	A	A	A	A	A	A	A	N	A	A	A	N	A	A	A	N	A	A	N	N	A	A	A	N	A	A	A	A	A	N	N	N	A	A	A	A	A	N	N	A	N	A	A	A	A	A	A	A	A	A	A	A	A	A	A	N	A	A	A	A	N	A	A	A	A	A	A	A	A	A	A	A	A	N	A	A	A	A	A	A	A	N	A	N	A	A	N	N	N	A	A	N	A	N	N	A	A	N	A	A	N	A	A	A	A	A	A	A	A	A	A	A	A	A	A	A	A	N	A	A	A	A	N	A	A	N	A	N	A	N	A	A	A	A	A	N	N	N	A	N	A	N	N	A	A	N	A	A	A	N	A	N	A	N	A	A	A	A	A	A	A	A	A	N	A	A	A	A	A	A	A	A	A	N	A	A	A	A	A	A	A	A	A	A	A	A	A	A	A	A	N	A	A	A	N	A	A	A	A	A	A	A	A	A	A	A	A	A	A	A	A	A	A	A	A	A	A	N	A	A	A	A	A	N	N	A	A	A	A	A	A	A	A	A	A	A	A	A	A	A	A	N	N	A	A	N	A	A	A	A	A	A	A	N	A	A	A	A	A	A	N	A	N	A	A	A	A	N	A	A	N	A	A	A	A	A	A	A	A	A	A	A	N	A	N	A	N	A	A	A	N	A	N	N	A	A	A	A	A	A	A	A	A	A	N	A	A	A	A	A	A	A	A	A	A	A	A	A	A	A	A	A	N	A	A	A	A	N	A	A	A	N	N	A	A	A	N	A	A	A	N	N	A	A	A	A	A	A	A	A	N	A	N	N	A	N	N	A	A	A	A	A	N	A	A	A	A	A	A	A	N	A	N	A	A	A	A	A	A	N	A	A	A	A	A	A	A	A	N	N	A	A	N	A	A	A	A	A	A	A	A	A	A	A	N	A	A	A	A	A	N	A	A	A	A	A	A	A	A	A	A	A	N
4956281	Glyma.18G056600	18	G	A	three_prime_UTR		Gm18_4956281	G/A	18	+							G	G	G	G	N	N	N	G	N	G	G	G	G	G	N	G	G	N	G	G	G	G	N	G	G	G	G	G	G	G	N	G	G	N	N	N	G	G	G	G	G	G	G	G	G	N	N	N	G	G	G	N	G	G	G	G	N	N	N	G	N	G	G	G	G	G	G	G	G	G	G	G	N	G	G	N	G	N	G	G	N	N	G	G	G	G	G	G	G	N	G	N	G	N	N	N	G	G	G	G	G	G	G	G	N	G	G	G	G	G	G	G	G	G	N	G	G	N	G	G	G	G	G	G	G	G	G	G	G	N	N	G	N	G	N	G	N	G	G	G	G	G	G	G	G	G	G	G	G	G	G	G	N	G	G	G	G	G	G	G	G	G	G	N	G	G	G	G	G	G	G	G	G	G	G	N	G	G	G	N	G	G	G	G	G	G	N	G	G	G	N	G	G	N	N	G	G	G	G	G	N	G	G	N	G	G	G	G	G	N	N	G	G	N	G	G	G	G	G	G	N	G	N	G	G	G	G	G	G	N	N	N	N	G	G	G	G	G	N	G	G	G	N	G	N	G	N	G	G	G	G	G	G	G	G	G	N	G	G	G	N	G	G	G	N	G	G	N	G	G	G	G	N	G	G	G	G	G	N	N	N	G	G	G	G	G	N	N	G	N	G	N	G	G	G	G	G	G	G	G	G	G	G	G	N	G	G	G	G	N	G	G	G	G	G	G	G	G	G	G	G	G	N	G	G	G	G	G	G	G	N	G	N	G	G	N	N	N	N	G	N	G	N	N	G	G	N	G	G	G	G	G	G	G	G	G	G	G	G	G	G	G	G	G	G	G	N	G	N	G	G	N	G	G	N	G	N	G	N	G	G	G	G	G	N	N	N	G	N	G	N	G	G	G	N	G	G	G	N	G	N	G	N	G	G	N	G	G	G	G	G	G	N	G	G	G	G	G	G	G	G	G	N	G	G	G	G	G	G	G	G	G	G	G	G	G	G	G	G	N	G	G	G	N	G	G	G	G	G	G	G	G	G	G	G	G	G	G	G	G	G	G	G	G	G	G	N	G	G	G	G	G	N	N	G	G	G	G	G	G	G	G	G	G	G	G	G	G	G	G	N	N	G	G	N	G	G	G	G	G	G	G	N	G	G	G	G	G	G	N	G	N	G	G	G	G	N	G	G	N	G	G	G	G	G	G	G	G	G	G	G	N	N	N	G	N	G	G	G	N	G	N	N	G	G	G	G	G	N	G	G	G	G	N	G	G	G	G	G	G	G	G	G	G	G	G	G	G	G	G	G	N	G	G	N	G	N	G	G	G	N	N	G	G	G	N	G	G	G	G	N	G	G	G	G	G	G	G	G	N	G	N	N	G	N	N	G	G	G	G	G	N	G	G	G	G	G	G	G	N	G	N	G	G	G	G	G	G	N	G	G	G	G	G	G	G	G	N	N	G	G	N	G	G	G	G	G	G	G	G	G	G	G	N	G	G	G	G	G	N	G	G	G	G	G	G	G	G	G	G	G	N
4956290	Glyma.18G056600	18	G	A	three_prime_UTR		Gm18_4956290	G/A	18	+							G	G	G	G	N	G	N	G	N	G	G	G	G	G	G	G	G	N	G	G	G	G	G	G	G	G	G	G	G	G	N	G	G	N	N	N	G	G	G	G	G	N	G	G	N	N	N	N	G	G	G	N	G	G	G	G	N	N	N	G	N	G	G	G	G	G	G	G	G	G	G	G	G	G	G	N	G	N	G	G	N	N	G	G	G	G	G	G	G	N	G	N	G	N	N	N	G	G	G	G	G	G	G	G	N	G	G	G	G	G	G	G	G	G	N	G	G	N	G	G	G	G	G	G	G	G	G	G	N	N	N	G	G	G	N	G	N	G	G	G	G	G	G	G	G	G	G	N	G	G	G	G	G	G	G	G	G	G	G	G	G	G	G	N	N	G	G	N	G	G	G	G	G	G	G	G	G	G	G	N	G	G	G	G	G	G	N	G	G	G	N	G	N	N	N	G	G	G	G	G	N	G	G	G	G	G	G	G	G	N	N	G	G	G	G	G	G	G	G	G	N	G	N	G	G	G	G	G	G	N	N	N	N	N	G	G	G	G	N	N	N	G	N	G	N	G	N	N	G	N	G	G	G	G	G	G	N	G	G	G	N	G	G	G	N	G	G	N	G	G	G	G	N	N	G	G	G	G	N	N	N	G	G	G	G	G	N	N	G	N	G	G	G	G	G	G	G	G	G	G	G	G	G	G	N	G	G	G	G	N	G	G	G	G	G	G	G	G	N	G	G	G	N	G	G	G	G	G	G	G	N	G	N	G	G	N	G	N	N	G	N	G	N	N	G	G	N	G	G	G	G	G	G	G	G	G	G	G	G	G	N	G	G	G	G	G	N	G	G	G	G	N	N	G	N	G	N	N	N	G	G	G	G	G	N	N	N	G	N	G	N	G	G	G	N	G	G	G	N	G	G	G	N	G	G	N	G	G	G	G	G	G	N	G	G	G	G	G	G	G	G	G	N	G	G	G	G	G	G	G	G	G	G	G	G	G	G	G	G	N	G	G	G	N	G	G	G	G	G	G	G	G	G	G	G	G	G	G	G	G	G	G	G	G	G	G	N	G	G	G	G	G	G	N	G	G	G	G	G	G	G	G	N	G	G	G	G	G	G	G	N	N	G	G	N	G	G	G	G	G	G	G	N	G	N	G	G	N	G	N	G	G	G	G	G	G	N	G	G	N	G	G	G	G	G	G	G	G	G	G	G	N	N	N	G	N	G	G	G	N	G	G	G	G	G	G	G	G	G	G	G	G	G	N	G	G	G	G	G	G	G	G	G	G	G	G	G	G	N	G	G	N	G	G	N	G	N	G	G	G	N	N	G	G	G	N	G	G	G	G	N	N	G	G	G	G	G	G	G	N	G	N	G	G	G	G	G	G	G	G	G	G	G	G	G	G	G	G	G	N	G	N	G	G	G	G	G	G	N	G	G	G	G	G	G	G	G	N	N	G	G	N	G	G	G	G	G	G	G	G	G	G	G	N	G	G	G	G	G	G	G	G	G	G	G	G	G	G	G	G	G	N
4956331	Glyma.18G056600	18	T	A	three_prime_UTR		Gm18_4956331	T/A	18	+							T	T	T	T	N	T	N	T	T	T	T	T	T	T	T	N	T	T	T	T	T	T	T	T	N	T	T	T	N	T	T	T	T	T	T	N	T	N	T	T	N	T	T	T	T	T	N	N	T	T	T	T	T	N	T	N	N	N	T	N	N	T	T	T	N	N	T	T	T	N	T	T	T	T	T	N	N	N	T	T	N	N	T	T	T	N	T	T	T	N	T	N	T	T	N	N	T	T	T	T	T	N	T	T	T	T	T	N	T	T	T	T	T	T	T	T	T	N	T	T	T	T	N	T	T	T	T	T	T	N	N	T	T	N	T	T	T	T	T	T	T	T	T	T	T	T	N	T	T	T	T	T	T	T	T	T	T	T	T	T	T	T	N	N	T	T	T	T	T	T	T	T	T	T	N	T	T	T	T	T	T	T	T	T	T	T	T	N	T	N	N	T	N	T	N	T	T	T	T	T	N	T	T	T	T	T	T	T	T	N	N	N	T	N	T	T	T	T	T	N	N	T	N	T	N	T	T	T	N	T	N	N	N	T	N	T	T	T	N	T	N	T	T	N	T	T	T	T	T	N	N	T	T	T	T	N	N	T	T	T	T	T	T	T	N	T	T	N	T	T	T	T	N	N	T	T	T	T	N	T	N	T	N	T	T	T	T	T	T	N	T	T	T	T	T	T	N	T	T	T	T	N	T	T	N	T	T	T	T	N	T	T	N	T	T	T	T	T	T	T	T	T	N	T	T	T	T	T	T	N	N	T	T	T	T	N	N	N	N	T	T	T	N	T	T	T	T	T	N	T	T	T	N	T	T	T	T	T	T	T	T	T	N	T	T	T	N	T	T	T	T	N	T	T	N	T	N	T	N	T	T	T	T	T	N	T	N	T	N	T	N	T	T	T	N	T	T	N	N	T	N	T	N	T	T	T	T	T	T	T	T	T	N	T	T	T	N	T	T	T	T	T	T	N	T	T	T	T	T	T	T	T	T	T	T	T	T	N	T	N	T	T	T	N	T	T	T	T	T	T	T	T	T	T	T	T	T	T	T	T	T	T	T	T	T	T	T	T	T	T	N	T	T	T	T	T	T	T	T	T	T	T	N	T	T	T	T	T	T	T	N	T	T	T	T	T	N	T	T	T	N	T	N	N	T	T	T	T	T	N	N	T	T	T	T	T	N	T	T	N	N	T	N	T	T	T	T	T	T	T	T	N	N	N	T	T	T	T	T	N	T	T	T	T	T	T	T	T	T	T	T	T	T	N	T	T	T	T	T	N	N	T	T	T	T	N	T	T	T	T	T	N	N	N	N	T	N	T	T	T	T	N	T	T	T	N	T	T	T	T	T	T	T	T	T	T	N	T	T	N	T	N	T	T	N	T	T	T	T	T	T	T	T	T	T	T	T	T	T	T	T	N	T	T	T	T	T	T	T	T	T	T	T	T	T	T	T	N	N	T	T	T	T	T	T	T	T	N	T	N	T	T	T	N	T	T	T	T	T	T	T	T	T	T	T	T	T	T	T	T	T	N
