Gene_ID	Chrom	Pos	REF	ALT	Effect_type	Description
Glyma.18G056600	18	4952948	T	C	Nonsynonymous SNV	c.T5C;p.I2T
Glyma.18G056600	18	4952990	A	G	Nonsynonymous SNV	c.A47G;p.H16R
Glyma.18G056600	18	4953002	T	G	Nonsynonymous SNV	c.T59G;p.V20G
Glyma.18G056600	18	4953003	T	C	Synonymous SNV	c.T60C;p.V20V
Glyma.18G056600	18	4953016	C	A	Nonsynonymous SNV	c.C73A;p.H25N
Glyma.18G056600	18	4953024	G	T	Nonsynonymous SNV	c.G81T;p.K27N
Glyma.18G056600	18	4953041	A	T	Nonsynonymous SNV	c.A98T;p.Q33L
Glyma.18G056600	18	4953043	G	A	Nonsynonymous SNV	c.G100A;p.A34T
Glyma.18G056600	18	4953059	G	A	Nonsynonymous SNV	c.G116A;p.G39D
Glyma.18G056600	18	4953064	C	T	Nonsynonymous SNV	c.C121T;p.P41S
Glyma.18G056600	18	4953072	C	T	Synonymous SNV	c.C129T;p.F43F
Glyma.18G056600	18	4953078	C	T	Synonymous SNV	c.C135T;p.S45S
Glyma.18G056600	18	4953080	C	A	Nonsynonymous SNV	c.C137A;p.T46K
Glyma.18G056600	18	4953183	A	T	Synonymous SNV	c.A240T;p.L80L
Glyma.18G056600	18	4953199	C	T	Nonsynonymous SNV	c.C256T;p.L86F
Glyma.18G056600	18	4953201	C	T	Synonymous SNV	c.C258T;p.L86L
Glyma.18G056600	18	4953207	C	T	Synonymous SNV	c.C264T;p.N88N
Glyma.18G056600	18	4953793	A	G	Synonymous SNV	c.A297G;p.G99G
Glyma.18G056600	18	4953795	C	T	Nonsynonymous SNV	c.C299T;p.S100L
Glyma.18G056600	18	4953817	C	T	Synonymous SNV	c.C321T;p.N107N
Glyma.18G056600	18	4953826	C	T	Synonymous SNV	c.C330T;p.S110S
Glyma.18G056600	18	4953865	C	A	Nonsynonymous SNV	c.C369A;p.D123E
Glyma.18G056600	18	4953883	C	T	Synonymous SNV	c.C387T;p.F129F
Glyma.18G056600	18	4953889	T	C	Synonymous SNV	c.T393C;p.F131F
Glyma.18G056600	18	4954076	G	A	Nonsynonymous SNV	c.G470A;p.S157N
Glyma.18G056600	18	4954113	A	C	Synonymous SNV	c.A507C;p.S169S
Glyma.18G056600	18	4954114	A	G	Nonsynonymous SNV	c.A508G;p.R170G
Glyma.18G056600	18	4954118	T	C	Nonsynonymous SNV	c.T512C;p.M171T
Glyma.18G056600	18	4954171	T	C	Nonsynonymous SNV	c.T565C;p.S189P
Glyma.18G056600	18	4954181	A	T	Nonsynonymous SNV	c.A575T;p.N192I
Glyma.18G056600	18	4954210	C	A	Nonsynonymous SNV	c.C604A;p.H202N
Glyma.18G056600	18	4954344	T	C	Synonymous SNV	c.T738C;p.P246P
Glyma.18G056600	18	4954346	A	G	Nonsynonymous SNV	c.A740G;p.N247S
Glyma.18G056600	18	4954360	A	G	Nonsynonymous SNV	c.A754G;p.K252E
Glyma.18G056600	18	4954365	A	G	Synonymous SNV	c.A759G;p.K253K
Glyma.18G056600	18	4954374	A	G	Synonymous SNV	c.A768G;p.R256R
Glyma.18G056600	18	4954401	A	T	Synonymous SNV	c.A795T;p.I265I
Glyma.18G056600	18	4954411	G	A	Nonsynonymous SNV	c.G805A;p.G269S
Glyma.18G056600	18	4954413	C	T	Synonymous SNV	c.C807T;p.G269G
Glyma.18G056600	18	4954414	A	T	Nonsynonymous SNV	c.A808T;p.T270S
Glyma.18G056600	18	4954415	C	G	Nonsynonymous SNV	c.C809G;p.T270S
Glyma.18G056600	18	4954422	C	T	Synonymous SNV	c.C816T;p.N272N
Glyma.18G056600	18	4954437	A	G	Synonymous SNV	c.A831G;p.Q277Q
Glyma.18G056600	18	4954441	G	A	Nonsynonymous SNV	c.G835A;p.A279T
Glyma.18G056600	18	4954442	C	A	Nonsynonymous SNV	c.C836A;p.A279E
Glyma.18G056600	18	4954443	G	C	Synonymous SNV	c.G837C;p.A279A
Glyma.18G056600	18	4954447	A	C	Synonymous SNV	c.A841C;p.R281R
Glyma.18G056600	18	4954469	C	T	Nonsynonymous SNV	c.C863T;p.S288L
Glyma.18G056600	18	4954470	A	T	Synonymous SNV	c.A864T;p.S288S
Glyma.18G056600	18	4954473	T	G	Synonymous SNV	c.T867G;p.L289L
Glyma.18G056600	18	4954492	C	A	Nonsynonymous SNV	c.C886A;p.H296N
Glyma.18G056600	18	4954496	G	A	Nonsynonymous SNV	c.G890A;p.G297D
Glyma.18G056600	18	4954498	G	A	Nonsynonymous SNV	c.G892A;p.G298S
Glyma.18G056600	18	4954499	G	T	Nonsynonymous SNV	c.G893T;p.G298V
Glyma.18G056600	18	4954502	T	A	Nonsynonymous SNV	c.T896A;p.I299N
Glyma.18G056600	18	4954510	C	A	Nonsynonymous SNV	c.C904A;p.L302I
Glyma.18G056600	18	4954517	A	T	Nonsynonymous SNV	c.A911T;p.H304L
Glyma.18G056600	18	4954518	T	A	Nonsynonymous SNV	c.T912A;p.H304Q
Glyma.18G056600	18	4954521	A	C	Nonsynonymous SNV	c.A915C;p.Q305H
Glyma.18G056600	18	4954529	C	T	Nonsynonymous SNV	c.C923T;p.S308L
Glyma.18G056600	18	4954551	A	G	Synonymous SNV	c.A945G;p.S315S
Glyma.18G056600	18	4954567	G	T	Nonsynonymous SNV	c.G961T;p.D321Y
Glyma.18G056600	18	4954580	A	G	Nonsynonymous SNV	c.A974G;p.D325G
Glyma.18G056600	18	4954584	T	C	Synonymous SNV	c.T978C;p.H326H
Glyma.18G056600	18	4954599	A	G	Synonymous SNV	c.A993G;p.G331G
Glyma.18G056600	18	4954634	G	A	Nonsynonymous SNV	c.G1028A;p.R343K
Glyma.18G056600	18	4954750	C	T	Nonsynonymous SNV	c.C1060T;p.P354S
Glyma.18G056600	18	4954751	C	T	Nonsynonymous SNV	c.C1061T;p.P354L
Glyma.18G056600	18	4954756	A	G	Nonsynonymous SNV	c.A1066G;p.I356V
Glyma.18G056600	18	4954760	A	G	Nonsynonymous SNV	c.A1070G;p.E357G
Glyma.18G056600	18	4954763	G	A	Nonsynonymous SNV	c.G1073A;p.S358N
Glyma.18G056600	18	4954773	G	A	Synonymous SNV	c.G1083A;p.V361V
Glyma.18G056600	18	4954812	C	T	Synonymous SNV	c.C1122T;p.I374I
Glyma.18G056600	18	4954848	C	T	Synonymous SNV	c.C1158T;p.Y386Y
Glyma.18G056600	18	4954854	G	A	Synonymous SNV	c.G1164A;p.Q388Q
Glyma.18G056600	18	4955385	C	T	Synonymous SNV	c.C1209T;p.C403C
Glyma.18G056600	18	4955443	G	T	Nonsynonymous SNV	c.G1267T;p.A423S
Glyma.18G056600	18	4955451	C	A	Synonymous SNV	c.C1275A;p.I425I
Glyma.18G056600	18	4955522	G	T	Nonsynonymous SNV	c.G1346T;p.R449I
Glyma.18G056600	18	4955529	G	A	Synonymous SNV	c.G1353A;p.L451L
Glyma.18G056600	18	4955533	A	G	Nonsynonymous SNV	c.A1357G;p.I453V
Glyma.18G056600	18	4955564	C	A	Nonsynonymous SNV	c.C1388A;p.A463E
Glyma.18G056600	18	4955591	C	A	Nonsynonymous SNV	c.C1415A;p.S472Y
Glyma.18G056600	18	4955604	T	A	Synonymous SNV	c.T1428A;p.L476L
Glyma.18G056600	18	4955608	C	A	Nonsynonymous SNV	c.C1432A;p.P478T
Glyma.18G056600	18	4955615	C	A	Nonsynonymous SNV	c.C1439A;p.A480E
Glyma.18G056600	18	4955629	A	C	Nonsynonymous SNV	c.A1453C;p.T485P
Glyma.18G056600	18	4955632	T	C	Nonsynonymous SNV	c.T1456C;p.S486P
Glyma.18G056600	18	4955652	C	T	Synonymous SNV	c.C1476T;p.N492N
Glyma.18G056600	18	4955661	G	T	Nonsynonymous SNV	c.G1485T;p.Q495H
Glyma.18G056600	18	4955663	G	T	Nonsynonymous SNV	c.G1487T;p.S496I
Glyma.18G056600	18	4955706	A	G	Synonymous SNV	c.A1530G;p.L510L
Glyma.18G056600	18	4955711	G	A	Nonsynonymous SNV	c.G1535A;p.G512E
Glyma.18G056600	18	4955720	C	T	Nonsynonymous SNV	c.C1544T;p.T515M
Glyma.18G056600	18	4955728	C	G	Nonsynonymous SNV	c.C1552G;p.Q518E
Glyma.18G056600	18	4955747	T	C	Nonsynonymous SNV	c.T1571C;p.I524T
Glyma.18G056600	18	4955750	C	G	Nonsynonymous SNV	c.C1574G;p.T525S
Glyma.18G056600	18	4955760	A	G	Synonymous SNV	c.A1584G;p.K528K
Glyma.18G056600	18	4955780	C	T	Nonsynonymous SNV	c.C1604T;p.S535L
Glyma.18G056600	18	4955796	C	G	Nonsynonymous SNV	c.C1620G;p.F540L
