Sample.ID,Type,Loc,Longitude,Latitude,Class
sample207,Improved_cultivar,HeiLongJiang,126.64E,45.76N,China
sample209,Improved_cultivar,HeiLongJiang,126.64E,45.76N,China
sample211,Improved_cultivar,HeiLongJiang,126.64E,45.76N,China
sample212,Improved_cultivar,HeiLongJiang,126.64E,45.76N,China
sample214,Landrace,HeiLongJiang,126.64E,45.76N,China
sample216,Improved_cultivar,HeiLongJiang,126.64E,45.76N,China
sample217,Landrace,HeiLongJiang,126.64E,45.76N,China
sample220,Landrace,HeiLongJiang,126.64E,45.76N,China
sample223,Landrace,HeiLongJiang,126.64E,45.76N,China
sample224,Landrace,HeiLongJiang,126.64E,45.76N,China
sample226,Landrace,HeiLongJiang,126.64E,45.76N,China
sample227,Landrace,HeiLongJiang,126.64E,45.76N,China
sample229,Landrace,HeiLongJiang,126.64E,45.76N,China
sample231,Landrace,HeiLongJiang,126.64E,45.76N,China
sample233,Landrace,HeiLongJiang,126.64E,45.76N,China
sample234,Improved_cultivar,JiLin,125.18E,43.55N,China
sample235,Landrace,JiLin,125.18E,43.55N,China
sample236,Landrace,JiLin,125.18E,43.55N,China
sample240,Landrace,JiLin,125.18E,43.55N,China
sample241,Landrace,JiLin,125.18E,43.55N,China
sample242,Landrace,JiLin,125.18E,43.55N,China
sample243,Landrace,JiLin,125.18E,43.55N,China
sample244,Landrace,JiLin,125.18E,43.55N,China
sample246,Landrace,JiLin,125.18E,43.55N,China
sample247,Landrace,JiLin,125.18E,43.55N,China
sample249,Landrace,JiLin,125.18E,43.55N,China
sample250,Landrace,JiLin,125.18E,43.55N,China
sample251,Landrace,JiLin,125.18E,43.55N,China
sample252,Landrace,JiLin,125.18E,43.55N,China
sample253,Landrace,JiLin,125.18E,43.55N,China
sample254,Landrace,JiLin,125.18E,43.55N,China
sample255,Landrace,JiLin,125.18E,43.55N,China
sample256,Landrace,JiLin,125.18E,43.55N,China
sample257,Landrace,JiLin,125.18E,43.55N,China
sample258,Landrace,JiLin,125.18E,43.55N,China
sample259,Improved_cultivar,LiaoNing,123.23E,41.48N,China
sample260,Improved_cultivar,LiaoNing,123.23E,41.48N,China
sample261,Improved_cultivar,LiaoNing,123.23E,41.48N,China
sample263,Landrace,LiaoNing,123.23E,41.48N,China
sample264,Landrace,LiaoNing,123.23E,41.48N,China
sample265,Landrace,LiaoNing,123.23E,41.48N,China
sample269,Landrace,LiaoNing,123.23E,41.48N,China
sample270,Landrace,LiaoNing,123.23E,41.48N,China
sample1473,Landrace,LiaoNing,123.23E,41.48N,China
sample271,Landrace,LiaoNing,123.23E,41.48N,China
sample274,Landrace,LiaoNing,123.23E,41.48N,China
sample276,Landrace,LiaoNing,123.23E,41.48N,China
sample277,Landrace,LiaoNing,123.23E,41.48N,China
sample278,Landrace,LiaoNing,123.23E,41.48N,China
sample279,Landrace,LiaoNing,123.23E,41.48N,China
sample280,Landrace,LiaoNing,123.23E,41.48N,China
sample281,Landrace,LiaoNing,123.23E,41.48N,China
sample282,Landrace,LiaoNing,123.23E,41.48N,China
sample283,Landrace,LiaoNing,123.23E,41.48N,China
sample284,Landrace,LiaoNing,123.23E,41.48N,China
sample285,Landrace,LiaoNing,123.23E,41.48N,China
sample286,Landrace,LiaoNing,123.23E,41.48N,China
sample287,Landrace,LiaoNing,123.23E,41.48N,China
sample290,Improved_cultivar,HeiLongJiang,126.64E,45.76N,China
sample292,Improved_cultivar,HeiLongJiang,126.64E,45.76N,China
sample293,Improved_cultivar,HeiLongJiang,126.64E,45.76N,China
sample294,Landrace,HeiLongJiang,126.64E,45.76N,China
sample295,Landrace,HeiLongJiang,126.64E,45.76N,China
sample296,Landrace,HeiLongJiang,126.64E,45.76N,China
sample298,Landrace,HeiLongJiang,126.64E,45.76N,China
sample299,Landrace,HeiLongJiang,126.64E,45.76N,China
sample300,Landrace,HeiLongJiang,126.64E,45.76N,China
sample301,Landrace,HeiLongJiang,126.64E,45.76N,China
sample302,Landrace,HeiLongJiang,126.64E,45.76N,China
sample303,Landrace,HeiLongJiang,126.64E,45.76N,China
sample305,Landrace,HeiLongJiang,126.64E,45.76N,China
sample306,Improved_cultivar,JiLin,125.18E,43.55N,China
sample307,Landrace,JiLin,125.18E,43.55N,China
sample308,Landrace,JiLin,125.18E,43.55N,China
sample309,Landrace,JiLin,125.18E,43.55N,China
sample310,Landrace,JiLin,125.18E,43.55N,China
sample311,Landrace,JiLin,125.18E,43.55N,China
sample312,Landrace,JiLin,125.18E,43.55N,China
sample313,Landrace,JiLin,125.18E,43.55N,China
sample314,Landrace,JiLin,125.18E,43.55N,China
sample315,Landrace,JiLin,125.18E,43.55N,China
sample317,Landrace,JiLin,125.18E,43.55N,China
sample318,Landrace,JiLin,125.18E,43.55N,China
sample319,Improved_cultivar,LiaoNing,123.23E,41.48N,China
sample320,Landrace,LiaoNing,123.23E,41.48N,China
sample321,Landrace,LiaoNing,123.23E,41.48N,China
sample323,Improved_cultivar,HeiLongJiang,126.64E,45.76N,China
sample324,Improved_cultivar,HeiLongJiang,126.64E,45.76N,China
sample325,Improved_cultivar,HeiLongJiang,126.64E,45.76N,China
sample326,Improved_cultivar,HeiLongJiang,126.64E,45.76N,China
sample327,Improved_cultivar,HeiLongJiang,126.64E,45.76N,China
sample328,Improved_cultivar,HeiLongJiang,126.64E,45.76N,China
sample329,Landrace,HeiLongJiang,126.64E,45.76N,China
sample331,Improved_cultivar,JiLin,125.18E,43.55N,China
sample332,Landrace,JiLin,125.18E,43.55N,China
sample333,Landrace,JiLin,125.18E,43.55N,China
sample334,Landrace,NeiMengGu,111.65E,40.82N,China
sample339,Improved_cultivar,HeiLongJiang,126.64E,45.76N,China
sample340,Improved_cultivar,HeiLongJiang,126.64E,45.76N,China
sample341,Improved_cultivar,HeiLongJiang,126.64E,45.76N,China
sample342,Improved_cultivar,HeiLongJiang,126.64E,45.76N,China
sample343,Improved_cultivar,HeiLongJiang,126.64E,45.76N,China
sample344,Improved_cultivar,HeiLongJiang,126.64E,45.76N,China
sample345,Improved_cultivar,HeiLongJiang,126.64E,45.76N,China
sample1932,Improved_cultivar,HeiLongJiang,126.64E,45.76N,China
sample1023,Improved_cultivar,HeiLongJiang,126.64E,45.76N,China
sample346,Improved_cultivar,HeiLongJiang,126.64E,45.76N,China
sample347,Improved_cultivar,JiLin,125.18E,43.55N,China
sample348,Improved_cultivar,JiLin,125.18E,43.55N,China
sample349,Improved_cultivar,ShanDong,120.18E,36.03N,China
sample350,Improved_cultivar,HeNan,113.40E,34.46N,China
sample351,Improved_cultivar,HeiLongJiang,126.64E,45.76N,China
sample1024,Improved_cultivar,HeiLongJiang,126.64E,45.76N,China
sample352,Improved_cultivar,HeiLongJiang,126.64E,45.76N,China
sample1942,Improved_cultivar,HeiLongJiang,126.64E,45.76N,China
sample1025,Improved_cultivar,HeiLongJiang,126.64E,45.76N,China
sample353,Improved_cultivar,HeiLongJiang,126.64E,45.76N,China
sample1026,Improved_cultivar,HeiLongJiang,126.64E,45.76N,China
sample1027,Improved_cultivar,HeiLongJiang,126.64E,45.76N,China
sample354,Improved_cultivar,HeiLongJiang,126.64E,45.76N,China
sample355,Improved_cultivar,HeiLongJiang,126.64E,45.76N,China
sample357,Improved_cultivar,HeiLongJiang,126.64E,45.76N,China
sample358,Improved_cultivar,HeiLongJiang,126.64E,45.76N,China
sample359,Improved_cultivar,JiLin,125.18E,43.55N,China
sample360,Improved_cultivar,JiLin,125.18E,43.55N,China
sample361,Improved_cultivar,JiLin,125.18E,43.55N,China
sample363,Improved_cultivar,LiaoNing,123.23E,41.48N,China
sample364,Improved_cultivar,LiaoNing,123.23E,41.48N,China
sample365,Improved_cultivar,LiaoNing,123.23E,41.48N,China
sample366,Improved_cultivar,NeiMengGu,111.65E,40.82N,China
sample368,Improved_cultivar,HeiLongJiang,126.64E,45.76N,China
sample369,Improved_cultivar,HeiLongJiang,126.64E,45.76N,China
sample370,Improved_cultivar,HeiLongJiang,126.64E,45.76N,China
sample372,Improved_cultivar,HeiLongJiang,126.64E,45.76N,China
sample373,Improved_cultivar,HeiLongJiang,126.64E,45.76N,China
sample374,Improved_cultivar,HeiLongJiang,126.64E,45.76N,China
sample375,Improved_cultivar,HeiLongJiang,126.64E,45.76N,China
sample376,Improved_cultivar,HeiLongJiang,126.64E,45.76N,China
sample377,Improved_cultivar,HeiLongJiang,126.64E,45.76N,China
sample378,Improved_cultivar,HeiLongJiang,126.64E,45.76N,China
sample379,Improved_cultivar,HeiLongJiang,126.64E,45.76N,China
sample380,Improved_cultivar,HeiLongJiang,126.64E,45.76N,China
sample382,Improved_cultivar,HeiLongJiang,126.64E,45.76N,China
sample383,Improved_cultivar,HeiLongJiang,126.64E,45.76N,China
sample384,Improved_cultivar,HeiLongJiang,126.64E,45.76N,China
sample385,Improved_cultivar,HeiLongJiang,126.64E,45.76N,China
sample386,Improved_cultivar,HeiLongJiang,126.64E,45.76N,China
sample387,Improved_cultivar,HeiLongJiang,126.64E,45.76N,China
sample388,Improved_cultivar,HeiLongJiang,126.64E,45.76N,China
sample389,Improved_cultivar,HeiLongJiang,126.64E,45.76N,China
sample390,Improved_cultivar,HeiLongJiang,126.64E,45.76N,China
sample391,Improved_cultivar,HeiLongJiang,126.64E,45.76N,China
sample393,Improved_cultivar,HeiLongJiang,126.64E,45.76N,China
sample394,Improved_cultivar,JiLin,125.18E,43.55N,China
sample395,Improved_cultivar,LiaoNing,123.23E,41.48N,China
sample396,Improved_cultivar,LiaoNing,123.23E,41.48N,China
sample397,Improved_cultivar,NeiMengGu,111.65E,40.82N,China
sample398,Improved_cultivar,HeiLongJiang,126.64E,45.76N,China
sample403,Improved_cultivar,HeiLongJiang,126.64E,45.76N,China
sample404,Improved_cultivar,HeiLongJiang,126.64E,45.76N,China
sample405,Improved_cultivar,HeiLongJiang,126.64E,45.76N,China
sample406,Improved_cultivar,HeiLongJiang,126.64E,45.76N,China
sample407,Improved_cultivar,HeiLongJiang,126.64E,45.76N,China
sample408,Improved_cultivar,HeiLongJiang,126.64E,45.76N,China
sample411,Improved_cultivar,LiaoNing,123.23E,41.48N,China
sample430,Improved_cultivar,JiLin,125.18E,43.55N,China
sample1038,Improved_cultivar,HeiLongJiang,126.64E,45.76N,China
sample1040,Improved_cultivar,HeiLongJiang,126.64E,45.76N,China
sample460,Improved_cultivar,JiLin,125.18E,43.55N,China
sample466,Improved_cultivar,JiLin,125.18E,43.55N,China
sample1046,Improved_cultivar,LiaoNing,123.23E,41.48N,China
sample1048,Landrace,NeiMengGu,111.65E,40.82N,China
sample1051,Landrace,BeiJing,116.28E,39.54N,China
sample468,Landrace,HeBei,114.26E,38.03N,China
sample470,Landrace,HeBei,114.26E,38.03N,China
sample1052,Landrace,HeBei,114.26E,38.03N,China
sample1053,Landrace,HeBei,114.26E,38.03N,China
sample471,Improved_cultivar,ShanXi,112.33E,37.51N,China
sample1054,Landrace,ShanXi,112.33E,37.51N,China
sample1055,Landrace,ShanXi,112.33E,37.51N,China
sample474,Landrace,ShanXi,112.33E,37.51N,China
sample1056,Landrace,ShanXi,112.33E,37.51N,China
sample1057,Landrace,ShanXi,112.33E,37.51N,China
sample1058,Landrace,ShanXi,112.33E,37.51N,China
sample1059,Landrace,ShanXi,112.33E,37.51N,China
sample476,Landrace,ShanXi,112.33E,37.51N,China
sample477,Landrace,ShanXi,112.33E,37.51N,China
sample478,Landrace,ShanXi,112.33E,37.51N,China
sample1061,Landrace,ShanXi,112.33E,37.51N,China
sample1062,Landrace,ShanXi,112.33E,37.51N,China
sample1063,Landrace,ShanXi,112.33E,37.51N,China
sample1070,Landrace,ShanXi,112.33E,37.51N,China
sample484,Landrace,ShanXi,112.33E,37.51N,China
sample1073,Landrace,BeiJing,116.28E,39.54N,China
sample486,Landrace,BeiJing,116.28E,39.54N,China
sample487,Landrace,BeiJing,116.28E,39.54N,China
sample1075,Landrace,NingXia,106.13E,38.28N,China
sample1076,Landrace,NingXia,106.13E,38.28N,China
sample490,Landrace,NingXia,106.13E,38.28N,China
sample1077,Landrace,XinJiang,87.36E,43.46N,China
sample1078,Landrace,HeBei,114.26E,38.03N,China
sample492,Landrace,HeBei,114.26E,38.03N,China
sample1079,Landrace,HeBei,114.26E,38.03N,China
sample493,Landrace,HeBei,114.26E,38.03N,China
sample1080,Landrace,HeBei,114.26E,38.03N,China
sample494,Landrace,HeBei,114.26E,38.03N,China
sample1081,Landrace,HeBei,114.26E,38.03N,China
sample1083,Landrace,HeBei,114.26E,38.03N,China
sample1085,Landrace,HeBei,114.26E,38.03N,China
sample1086,Landrace,ShanXi,112.33E,37.51N,China
sample497,Landrace,ShanXi,112.33E,37.51N,China
sample498,Landrace,ShanXi,112.33E,37.51N,China
sample1087,Landrace,ShanXi,112.33E,37.51N,China
sample1088,Landrace,ShanXi,112.33E,37.51N,China
sample1089,Landrace,ShanXi,112.33E,37.51N,China
sample1090,Landrace,ShanXi,112.33E,37.51N,China
sample499,Landrace,ShanXi,112.33E,37.51N,China
sample1093,Landrace,ShanXi,112.33E,37.51N,China
sample502,Landrace,ShanXi,112.33E,37.51N,China
sample1097,Landrace,ShanXi,112.33E,37.51N,China
sample503,Landrace,ShanXi,112.33E,37.51N,China
sample505,Landrace,ShanXi,112.33E,37.51N,China
sample1099,Landrace,ShanXi,112.33E,37.51N,China
sample1100,Landrace,ShanXi,112.33E,37.51N,China
sample1101,Landrace,ShanXi,112.33E,37.51N,China
sample507,Landrace,ShanXi,112.33E,37.51N,China
sample1102,Landrace,ShanXi,112.33E,37.51N,China
sample508,Landrace,ShaanXi,108.55E,34.15N,China
sample1106,Landrace,ShaanXi,108.55E,34.15N,China
sample1107,Landrace,ShaanXi,108.55E,34.15N,China
sample1118,Landrace,GanSu,103.50E,36.03N,China
sample1119,Landrace,GanSu,103.50E,36.03N,China
sample514,Landrace,GanSu,103.50E,36.03N,China
sample515,Landrace,GanSu,103.50E,36.03N,China
sample1122,Landrace,GanSu,103.50E,36.03N,China
sample518,Landrace,HeBei,114.26E,38.03N,China
sample1123,Landrace,HeBei,114.26E,38.03N,China
sample519,Landrace,HeBei,114.26E,38.03N,China
sample1124,Landrace,HeBei,114.26E,38.03N,China
sample1125,Improved_cultivar,ShanXi,112.33E,37.51N,China
sample1126,Improved_cultivar,ShanXi,112.33E,37.51N,China
sample522,Improved_cultivar,ShanXi,112.33E,37.51N,China
sample1127,Improved_cultivar,ShanXi,112.33E,37.51N,China
sample1130,Landrace,GanSu,103.50E,36.03N,China
sample1131,Improved_cultivar,BeiJing,116.28E,39.54N,China
sample1132,Improved_cultivar,BeiJing,116.28E,39.54N,China
sample1133,Improved_cultivar,BeiJing,116.28E,39.54N,China
sample1134,Improved_cultivar,BeiJing,116.28E,39.54N,China
sample1136,Improved_cultivar,XinJiang,87.36E,43.46N,China
sample1137,Improved_cultivar,HeBei,114.26E,38.03N,China
sample1139,Improved_cultivar,ShanXi,112.33E,37.51N,China
sample526,Improved_cultivar,ShanXi,112.33E,37.51N,China
sample1140,Improved_cultivar,ShanDong,120.18E,36.03N,China
sample1141,Improved_cultivar,HeNan,113.40E,34.46N,China
sample1142,Improved_cultivar,JiangSu,118.75E,32.04N,China
sample527,Improved_cultivar,AnHui,117.17E,31.52N,China
sample528,Improved_cultivar,AnHui,117.17E,31.52N,China
sample1143,Improved_cultivar,AnHui,117.17E,31.52N,China
sample529,Improved_cultivar,BeiJing,116.28E,39.54N,China
sample532,Improved_cultivar,BeiJing,116.28E,39.54N,China
sample533,Improved_cultivar,HeBei,114.26E,38.03N,China
sample534,Improved_cultivar,ShanXi,112.33E,37.51N,China
sample1144,Improved_cultivar,ShanDong,120.18E,36.03N,China
sample535,Improved_cultivar,HeNan,113.40E,34.46N,China
sample536,Improved_cultivar,HeNan,113.40E,34.46N,China
sample1164,Improved_cultivar,JiangSu,118.75E,32.04N,China
sample1165,Improved_cultivar,JiangSu,118.75E,32.04N,China
sample1477,Improved_cultivar,HuBei,115.32E,30.52N,China
sample1166,Improved_cultivar,HeBei,114.26E,38.03N,China
sample1946,Landrace,HeBei,114.26E,38.03N,China
sample1481,Landrace,HeBei,114.26E,38.03N,China
sample1494,Landrace,HeBei,114.26E,38.03N,China
sample1964,Improved_cultivar,ShanDong,120.18E,36.03N,China
sample1174,Improved_cultivar,ShanDong,120.18E,36.03N,China
sample1499,Landrace,ShanDong,120.18E,36.03N,China
sample1179,Landrace,ShanDong,120.18E,36.03N,China
sample1181,Landrace,ShanDong,120.18E,36.03N,China
sample1183,Landrace,ShanDong,120.18E,36.03N,China
sample1192,Landrace,HeNan,113.40E,34.46N,China
sample1967,Landrace,HeNan,113.40E,34.46N,China
sample1968,Landrace,HeNan,113.40E,34.46N,China
sample1969,Landrace,HeNan,113.40E,34.46N,China
sample1193,Landrace,HeNan,113.40E,34.46N,China
sample1194,Landrace,HeNan,113.40E,34.46N,China
sample1195,Landrace,HeNan,113.40E,34.46N,China
sample1197,Landrace,HeNan,113.40E,34.46N,China
sample1198,Landrace,HeNan,113.40E,34.46N,China
sample1199,Landrace,HeNan,113.40E,34.46N,China
sample1200,Landrace,HeNan,113.40E,34.46N,China
sample1483,Landrace,HeNan,113.40E,34.46N,China
sample1201,Landrace,HeNan,113.40E,34.46N,China
sample1202,Landrace,HeNan,113.40E,34.46N,China
sample1203,Landrace,HeNan,113.40E,34.46N,China
sample1204,Landrace,HeNan,113.40E,34.46N,China
sample1206,Landrace,HeNan,113.40E,34.46N,China
sample1484,Landrace,HeNan,113.40E,34.46N,China
sample1501,Landrace,ShaanXi,108.55E,34.15N,China
sample1215,Landrace,JiangSu,118.75E,32.04N,China
sample1216,Landrace,JiangSu,118.75E,32.04N,China
sample1217,Landrace,JiangSu,118.75E,32.04N,China
sample1218,Landrace,JiangSu,118.75E,32.04N,China
sample1971,Landrace,JiangSu,118.75E,32.04N,China
sample1219,Landrace,JiangSu,118.75E,32.04N,China
sample1225,Landrace,AnHui,117.17E,31.52N,China
sample2072,Improved_cultivar,BeiJing,116.28E,39.54N,China
sample1485,Landrace,HeBei,114.26E,38.03N,China
sample1486,Landrace,HeBei,114.26E,38.03N,China
sample1233,Improved_cultivar,ShanDong,120.18E,36.03N,China
sample1234,Improved_cultivar,ShanDong,120.18E,36.03N,China
sample2117,Landrace,ShanDong,120.18E,36.03N,China
sample1488,Landrace,ShanDong,120.18E,36.03N,China
sample1237,Landrace,HeNan,113.40E,34.46N,China
sample1238,Landrace,ShaanXi,108.55E,34.15N,China
sample2121,Landrace,ShaanXi,108.55E,34.15N,China
sample2123,Landrace,ShaanXi,108.55E,34.15N,China
sample2124,Landrace,ShaanXi,108.55E,34.15N,China
sample2125,Landrace,ShaanXi,108.55E,34.15N,China
sample1239,Landrace,ShaanXi,108.55E,34.15N,China
sample1240,Landrace,ShaanXi,108.55E,34.15N,China
sample1243,Landrace,GanSu,103.50E,36.03N,China
sample1491,Landrace,GanSu,103.50E,36.03N,China
sample1244,Landrace,JiangSu,118.75E,32.04N,China
sample2130,Landrace,AnHui,117.17E,31.52N,China
sample1505,Landrace,AnHui,117.17E,31.52N,China
sample1245,Landrace,AnHui,117.17E,31.52N,China
sample2133,Landrace,AnHui,117.17E,31.52N,China
sample2134,Landrace,AnHui,117.17E,31.52N,China
sample1508,Landrace,HeBei,114.26E,38.03N,China
sample1509,Landrace,HeBei,114.26E,38.03N,China
sample1511,Landrace,HeBei,114.26E,38.03N,China
sample1512,Landrace,HeBei,114.26E,38.03N,China
sample1246,Landrace,HeBei,114.26E,38.03N,China
sample1251,Landrace,ShanDong,120.18E,36.03N,China
sample2136,Improved_cultivar,ShanDong,120.18E,36.03N,China
sample1252,Improved_cultivar,ShanDong,120.18E,36.03N,China
sample1254,Improved_cultivar,HeNan,113.40E,34.46N,China
sample1514,Landrace,ShaanXi,108.55E,34.15N,China
sample1255,Landrace,GanSu,103.50E,36.03N,China
sample2137,Landrace,JiangSu,118.75E,32.04N,China
sample2138,Improved_cultivar,JiangSu,118.75E,32.04N,China
sample2142,Landrace,AnHui,117.17E,31.52N,China
sample1516,Landrace,JiangSu,118.75E,32.04N,China
sample1256,Landrace,JiangSu,118.75E,32.04N,China
sample2144,Landrace,JiangSu,118.75E,32.04N,China
sample2145,Landrace,JiangSu,118.75E,32.04N,China
sample1257,Landrace,JiangSu,118.75E,32.04N,China
sample1258,Landrace,HuBei,115.32E,30.52N,China
sample1259,Landrace,HuBei,115.32E,30.52N,China
sample1517,Landrace,HuBei,115.32E,30.52N,China
sample1518,Landrace,SiChuan,104.06E,30.67N,China
sample2146,Landrace,ZheJiang,120.10E,30.15N,China
sample1260,Landrace,ZheJiang,120.10E,30.15N,China
sample1261,Landrace,ZheJiang,120.10E,30.15N,China
sample1262,Landrace,JiangXi,115.53E,28.42N,China
sample2147,Improved_cultivar,HuNan,112.59E,28.12N,China
sample1263,Landrace,HuBei,115.32E,30.52N,China
sample2148,Landrace,HuBei,115.32E,30.52N,China
sample2149,Landrace,SiChuan,104.06E,30.67N,China
sample2150,Landrace,SiChuan,104.06E,30.67N,China
sample1264,Landrace,SiChuan,104.06E,30.67N,China
sample2151,Landrace,SiChuan,104.06E,30.67N,China
sample1265,Landrace,SiChuan,104.06E,30.67N,China
sample1266,Landrace,SiChuan,104.06E,30.67N,China
sample2152,Landrace,SiChuan,104.06E,30.67N,China
sample1519,Landrace,SiChuan,104.06E,30.67N,China
sample2153,Landrace,SiChuan,104.06E,30.67N,China
sample1520,Landrace,SiChuan,104.06E,30.67N,China
sample2154,Landrace,SiChuan,104.06E,30.67N,China
sample2155,Landrace,SiChuan,104.06E,30.67N,China
sample2156,Landrace,SiChuan,104.06E,30.67N,China
sample1267,Landrace,SiChuan,104.06E,30.67N,China
sample2157,Landrace,SiChuan,104.06E,30.67N,China
sample2158,Landrace,SiChuan,104.06E,30.67N,China
sample1502,Landrace,SiChuan,104.06E,30.67N,China
sample2159,Landrace,SiChuan,104.06E,30.67N,China
sample2160,Landrace,SiChuan,104.06E,30.67N,China
sample2161,Landrace,SiChuan,104.06E,30.67N,China
sample1268,Landrace,SiChuan,104.06E,30.67N,China
sample2162,Landrace,SiChuan,104.06E,30.67N,China
sample2163,Landrace,SiChuan,104.06E,30.67N,China
sample2164,Landrace,SiChuan,104.06E,30.67N,China
sample1521,Landrace,SiChuan,104.06E,30.67N,China
sample2165,Landrace,SiChuan,104.06E,30.67N,China
sample1522,Landrace,SiChuan,104.06E,30.67N,China
sample1523,Landrace,SiChuan,104.06E,30.67N,China
sample1524,Landrace,SiChuan,104.06E,30.67N,China
sample2166,Landrace,ZheJiang,120.10E,30.15N,China
sample1269,Landrace,ZheJiang,120.10E,30.15N,China
sample1270,Landrace,JiangXi,115.53E,28.42N,China
sample1525,Landrace,JiangXi,115.53E,28.42N,China
sample2167,Landrace,JiangXi,115.53E,28.42N,China
sample1271,Landrace,JiangXi,115.53E,28.42N,China
sample2168,Landrace,HuNan,112.59E,28.12N,China
sample1526,Landrace,HuNan,112.59E,28.12N,China
sample2169,Landrace,AnHui,117.17E,31.52N,China
sample1273,Landrace,AnHui,117.17E,31.52N,China
sample1527,Landrace,AnHui,117.17E,31.52N,China
sample1603,Improved_cultivar,SiChuan,104.06E,30.67N,China
sample2170,Landrace,SiChuan,104.06E,30.67N,China
sample1274,Landrace,SiChuan,104.06E,30.67N,China
sample1528,Landrace,SiChuan,104.06E,30.67N,China
sample1275,Landrace,SiChuan,104.06E,30.67N,China
sample1276,Landrace,SiChuan,104.06E,30.67N,China
sample1529,Landrace,SiChuan,104.06E,30.67N,China
sample1277,Landrace,SiChuan,104.06E,30.67N,China
sample1531,Landrace,SiChuan,104.06E,30.67N,China
sample1278,Landrace,SiChuan,104.06E,30.67N,China
sample1532,Landrace,SiChuan,104.06E,30.67N,China
sample1279,Landrace,SiChuan,104.06E,30.67N,China
sample1280,Landrace,SiChuan,104.06E,30.67N,China
sample1533,Landrace,SiChuan,104.06E,30.67N,China
sample1281,Landrace,SiChuan,104.06E,30.67N,China
sample1534,Improved_cultivar,ZheJiang,120.10E,30.15N,China
sample1283,Landrace,ZheJiang,120.10E,30.15N,China
sample1535,Landrace,ZheJiang,120.10E,30.15N,China
sample1284,Landrace,JiangXi,115.53E,28.42N,China
sample1536,Landrace,JiangXi,115.53E,28.42N,China
sample1537,Landrace,HuNan,112.59E,28.12N,China
sample1538,Landrace,HuNan,112.59E,28.12N,China
sample1285,Landrace,FuJian,118.04E,24.26N,China
sample1286,Landrace,FuJian,118.04E,24.26N,China
sample1287,Landrace,FuJian,118.04E,24.26N,China
sample1288,Landrace,GuiZhou,106.72E,26.57N,China
sample1289,Landrace,GuiZhou,106.72E,26.57N,China
sample1290,Landrace,GuiZhou,106.72E,26.57N,China
sample2171,Landrace,GuiZhou,106.72E,26.57N,China
sample1291,Landrace,GuiZhou,106.72E,26.57N,China
sample1539,Landrace,GuiZhou,106.72E,26.57N,China
sample1540,Landrace,GuiZhou,106.72E,26.57N,China
sample1292,Landrace,GuiZhou,106.72E,26.57N,China
sample1293,Landrace,GuiZhou,106.72E,26.57N,China
sample1541,Landrace,GuiZhou,106.72E,26.57N,China
sample1543,Landrace,GuiZhou,106.72E,26.57N,China
sample1294,Landrace,GuangXi,108.21E,22.47N,China
sample1544,Landrace,GuangXi,108.21E,22.47N,China
sample2172,Landrace,FuJian,118.04E,24.26N,China
sample1545,Landrace,FuJian,118.04E,24.26N,China
sample2173,Landrace,GuiZhou,106.72E,26.57N,China
sample2174,Landrace,GuiZhou,106.72E,26.57N,China
sample1298,Landrace,GuiZhou,106.72E,26.57N,China
sample1547,Landrace,GuiZhou,106.72E,26.57N,China
sample1548,Landrace,GuiZhou,106.72E,26.57N,China
sample1300,Landrace,GuiZhou,106.72E,26.57N,China
sample1301,Landrace,GuiZhou,106.72E,26.57N,China
sample1604,Landrace,GuiZhou,106.72E,26.57N,China
sample1303,Landrace,GuangDong,113.18E,23.10N,China
sample2175,Landrace,GuangDong,113.18E,23.10N,China
sample1304,Landrace,GuangDong,113.18E,23.10N,China
sample1306,Landrace,HaiNan,111.10E,20.03N,China
sample1549,Landrace,GuangXi,108.21E,22.47N,China
sample1550,Landrace,GuangXi,108.21E,22.47N,China
sample1308,Landrace,GuangXi,108.21E,22.47N,China
sample1309,Landrace,TaiWan,121.31E,25.02N,China
sample1310,Landrace,GuangDong,113.18E,23.10N,China
sample1311,Landrace,GuangDong,113.18E,23.10N,China
sample2176,Landrace,GuangDong,113.18E,23.10N,China
sample1605,Improved_cultivar,SiChuan,104.06E,30.67N,China
sample1554,Improved_cultivar,FuJian,118.04E,24.26N,China
sample1313,Improved_cultivar,HuNan,112.59E,28.12N,China
sample1555,Improved_cultivar,JiangSu,118.75E,32.04N,China
sample1556,Improved_cultivar,AnHui,117.17E,31.52N,China
sample1557,Improved_cultivar,SiChuan,104.06E,30.67N,China
sample1558,Improved_cultivar,SiChuan,104.06E,30.67N,China
sample1559,Improved_cultivar,GuangXi,108.21E,22.47N,China
sample1560,Improved_cultivar,BeiJing,116.28E,39.54N,China
sample1316,Improved_cultivar,ZheJiang,120.10E,30.15N,China
sample1562,Improved_cultivar,GuangDong,113.18E,23.10N,China
sample1565,Improved_cultivar,HuNan,112.59E,28.12N,China
sample1318,Improved_cultivar,JiangSu,118.75E,32.04N,China
sample1566,Landrace,JiangSu,118.75E,32.04N,China
sample1319,Landrace,JiangSu,118.75E,32.04N,China
sample1567,Landrace,JiangSu,118.75E,32.04N,China
sample1321,Landrace,JiangSu,118.75E,32.04N,China
sample1322,Landrace,JiangSu,118.75E,32.04N,China
sample1323,Landrace,JiangSu,118.75E,32.04N,China
sample1324,Landrace,JiangSu,118.75E,32.04N,China
sample1325,Landrace,JiangSu,118.75E,32.04N,China
sample1569,Landrace,JiangSu,118.75E,32.04N,China
sample1570,Landrace,JiangSu,118.75E,32.04N,China
sample1571,Landrace,AnHui,117.17E,31.52N,China
sample1572,Landrace,AnHui,117.17E,31.52N,China
sample1326,Landrace,AnHui,117.17E,31.52N,China
sample1327,Landrace,ShangHai,121.43E,34.50N,China
sample1609,Improved_cultivar,HuBei,115.32E,30.52N,China
sample1328,Landrace,HuBei,115.32E,30.52N,China
sample1329,Landrace,HuBei,115.32E,30.52N,China
sample1573,Landrace,HuBei,115.32E,30.52N,China
sample1330,Landrace,HuBei,115.32E,30.52N,China
sample1574,Landrace,HuBei,115.32E,30.52N,China
sample1575,Landrace,HuBei,115.32E,30.52N,China
sample1576,Landrace,HuBei,115.32E,30.52N,China
sample1332,Landrace,HuBei,115.32E,30.52N,China
sample1333,Landrace,HuBei,115.32E,30.52N,China
sample1334,Landrace,HuBei,115.32E,30.52N,China
sample1335,Landrace,HuBei,115.32E,30.52N,China
sample1336,Landrace,HuBei,115.32E,30.52N,China
sample1337,Landrace,HuBei,115.32E,30.52N,China
sample1338,Landrace,HuBei,115.32E,30.52N,China
sample1339,Landrace,HuBei,115.32E,30.52N,China
sample1340,Landrace,ZheJiang,120.10E,30.15N,China
sample1341,Landrace,ZheJiang,120.10E,30.15N,China
sample1342,Landrace,ZheJiang,120.10E,30.15N,China
sample1345,Landrace,ZheJiang,120.10E,30.15N,China
sample1346,Landrace,ZheJiang,120.10E,30.15N,China
sample1577,Landrace,ZheJiang,120.10E,30.15N,China
sample1347,Landrace,ZheJiang,120.10E,30.15N,China
sample1348,Landrace,ZheJiang,120.10E,30.15N,China
sample1349,Landrace,ZheJiang,120.10E,30.15N,China
sample1350,Landrace,ZheJiang,120.10E,30.15N,China
sample2196,Landrace,ZheJiang,120.10E,30.15N,China
sample2178,Landrace,ZheJiang,120.10E,30.15N,China
sample1579,Landrace,ZheJiang,120.10E,30.15N,China
sample1580,Landrace,ZheJiang,120.10E,30.15N,China
sample608,Landrace,ZheJiang,120.10E,30.15N,China
sample609,Landrace,JiangXi,115.53E,28.42N,China
sample1352,Improved_cultivar,AnHui,117.17E,31.52N,China
sample32,Landrace,GuangDong,113.18E,23.10N,China
sample1398,Landrace,YunNan,102.42E,25.03N,China
sample1405,Landrace,YunNan,102.42E,25.03N,China
sample2181,Landrace,AnHui,117.17E,31.52N,China
sample1581,Landrace,HuBei,115.32E,30.52N,China
sample1426,Landrace,FuJian,118.04E,24.26N,China
sample1953,Landrace,HuNan,112.59E,28.12N,China
sample1441,Landrace,GuangXi,108.21E,22.47N,China
sample1443,Landrace,GuangXi,108.21E,22.47N,China
sample2197,Landrace,YunNan,102.42E,25.03N,China
sample1958,Landrace,ZheJiang,120.10E,30.15N,China
sample1454,Landrace,FuJian,118.04E,24.26N,China
sample1461,Landrace,ZheJiang,120.10E,30.15N,China
sample1462,Landrace,ZheJiang,120.10E,30.15N,China
sample1467,Landrace,JiangXi,115.53E,28.42N,China
sample1469,Landrace,JiangXi,115.53E,28.42N,China
sample1472,Landrace,JiangXi,115.53E,28.42N,China
sample657,Landrace,JiangXi,115.53E,28.42N,China
sample661,Landrace,HuNan,112.59E,28.12N,China
sample663,Landrace,Tibet,91.06E,29.36N,China
sample1960,Landrace,ZheJiang,120.10E,30.15N,China
sample671,Landrace,JiangXi,115.53E,28.42N,China
sample672,Improved_cultivar,BeiJing,116.28E,39.54N,China
sample675,Improved_cultivar,HeiLongJiang,126.64E,45.76N,China
sample676,Improved_cultivar,HeiLongJiang,126.64E,45.76N,China
sample677,Improved_cultivar,HeiLongJiang,126.64E,45.76N,China
sample1961,Landrace,JiLin,125.18E,43.55N,China
sample678,Landrace,JiLin,125.18E,43.55N,China
sample679,Improved_cultivar,HeiLongJiang,126.64E,45.76N,China
sample680,Landrace,LiaoNing,123.23E,41.48N,China
sample681,Landrace,LiaoNing,123.23E,41.48N,China
sample682,Landrace,LiaoNing,123.23E,41.48N,China
sample1582,Landrace,LiaoNing,123.23E,41.48N,China
sample1972,Landrace,LiaoNing,123.23E,41.48N,China
sample1973,Landrace,LiaoNing,123.23E,41.48N,China
sample683,Landrace,LiaoNing,123.23E,41.48N,China
sample684,Landrace,LiaoNing,123.23E,41.48N,China
sample685,Landrace,HeiLongJiang,126.64E,45.76N,China
sample686,Landrace,JiangXi,115.53E,28.42N,China
sample1974,Landrace,ShanDong,120.18E,36.03N,China
sample687,Landrace,ShanDong,120.18E,36.03N,China
sample688,Landrace,ShanDong,120.18E,36.03N,China
sample689,Landrace,ShanDong,120.18E,36.03N,China
sample690,Landrace,ShanDong,120.18E,36.03N,China
sample691,Landrace,ShanDong,120.18E,36.03N,China
sample692,Landrace,HeNan,113.40E,34.46N,China
sample693,Landrace,HeNan,113.40E,34.46N,China
sample694,Landrace,HeBei,114.26E,38.03N,China
sample695,Landrace,JiangSu,118.75E,32.04N,China
sample696,Landrace,ShanDong,120.18E,36.03N,China
sample697,Landrace,ShanDong,120.18E,36.03N,China
sample698,Landrace,HeBei,114.26E,38.03N,China
sample699,Landrace,JiLin,125.18E,43.55N,China
sample701,Landrace,LiaoNing,123.23E,41.48N,China
sample702,Improved_cultivar,LiaoNing,123.23E,41.48N,China
sample703,Landrace,HuBei,115.32E,30.52N,China
sample705,Landrace,GuangXi,108.21E,22.47N,China
sample706,Landrace,HeBei,114.26E,38.03N,China
sample1976,Landrace,ShanXi,112.33E,37.51N,China
sample708,Landrace,ShaanXi,108.55E,34.15N,China
sample709,Improved_cultivar,ShanXi,112.33E,37.51N,China
sample710,Landrace,HeBei,114.26E,38.03N,China
sample711,Landrace,HeBei,114.26E,38.03N,China
sample712,Improved_cultivar,HeBei,114.26E,38.03N,China
sample713,Landrace,ShanXi,112.33E,37.51N,China
sample714,Landrace,LiaoNing,123.23E,41.48N,China
sample718,Landrace,JiLin,125.18E,43.55N,China
sample720,Landrace,ShanDong,120.18E,36.03N,China
sample1583,Landrace,ShanDong,120.18E,36.03N,China
sample721,Landrace,ShanDong,120.18E,36.03N,China
sample722,Landrace,ShanDong,120.18E,36.03N,China
sample723,Landrace,GuiZhou,106.72E,26.57N,China
sample724,Landrace,HeBei,114.26E,38.03N,China
sample1585,Landrace,JiangSu,118.75E,32.04N,China
sample1979,Improved_cultivar,HeBei,114.26E,38.03N,China
sample727,Landrace,HuBei,115.32E,30.52N,China
sample1980,Landrace,GuiZhou,106.72E,26.57N,China
sample1587,Improved_cultivar,FuJian,118.04E,24.26N,China
sample1588,Landrace,GuiZhou,106.72E,26.57N,China
sample730,Improved_cultivar,HeiLongJiang,126.64E,45.76N,China
sample731,Improved_cultivar,HeiLongJiang,126.64E,45.76N,China
sample732,Improved_cultivar,HeiLongJiang,126.64E,45.76N,China
sample733,Improved_cultivar,HeiLongJiang,126.64E,45.76N,China
sample1981,Improved_cultivar,HeiLongJiang,126.64E,45.76N,China
sample734,Improved_cultivar,HeiLongJiang,126.64E,45.76N,China
sample735,Improved_cultivar,HeiLongJiang,126.64E,45.76N,China
sample736,Landrace,GuangXi,108.21E,22.47N,China
sample738,Improved_cultivar,ShanDong,120.18E,36.03N,China
sample1983,Landrace,ShanXi,112.33E,37.51N,China
sample740,Landrace,ShanXi,112.33E,37.51N,China
sample1589,Landrace,ShanXi,112.33E,37.51N,China
sample741,Improved_cultivar,ShanXi,112.33E,37.51N,China
sample743,Landrace,JiangSu,118.75E,32.04N,China
sample744,Landrace,JiangSu,118.75E,32.04N,China
sample745,Landrace,HeiLongJiang,126.64E,45.76N,China
sample746,Improved_cultivar,JiLin,125.18E,43.55N,China
sample1593,Landrace,HeNan,113.40E,34.46N,China
sample747,Landrace,HeNan,113.40E,34.46N,China
sample748,Landrace,ShanXi,112.33E,37.51N,China
sample749,Landrace,ShaanXi,108.55E,34.15N,China
sample1594,Landrace,ShaanXi,108.55E,34.15N,China
sample751,Landrace,JiangXi,115.53E,28.42N,China
sample752,Landrace,HeBei,114.26E,38.03N,China
sample753,Landrace,HeBei,114.26E,38.03N,China
sample754,Landrace,ShanXi,112.33E,37.51N,China
sample756,Improved_cultivar,ShanXi,112.33E,37.51N,China
sample1986,Landrace,ShanXi,112.33E,37.51N,China
sample758,Landrace,JiLin,125.18E,43.55N,China
sample765,Landrace,NeiMengGu,111.65E,40.82N,China
sample766,Landrace,ShanXi,112.33E,37.51N,China
sample767,Landrace,ShanXi,112.33E,37.51N,China
sample769,Landrace,JiangXi,115.53E,28.42N,China
sample770,Landrace,HeBei,114.26E,38.03N,China
sample1612,Improved_cultivar,HeNan,113.40E,34.46N,China
sample1597,Landrace,ShanDong,120.18E,36.03N,China
sample1598,Improved_cultivar,HeBei,114.26E,38.03N,China
sample1987,Improved_cultivar,HeiLongJiang,126.64E,45.76N,China
sample1599,Improved_cultivar,ShanXi,112.33E,37.51N,China
sample771,Landrace,AnHui,117.17E,31.52N,China
sample773,Improved_cultivar,BeiJing,116.28E,39.54N,China
sample774,Landrace,SiChuan,104.06E,30.67N,China
sample778,Improved_cultivar,HuNan,112.59E,28.12N,China
sample779,Improved_cultivar,HeiLongJiang,126.64E,45.76N,China
sample1613,Improved_cultivar,ShanXi,112.33E,37.51N,China
sample1713,Improved_cultivar,JiangSu,118.75E,32.04N,China
sample780,Improved_cultivar,HuBei,115.32E,30.52N,China
sample1614,Improved_cultivar,ZheJiang,120.10E,30.15N,China
sample1989,Landrace,JiLin,125.18E,43.55N,China
sample782,Improved_cultivar,HeiLongJiang,126.64E,45.76N,China
sample783,Landrace,ShanXi,112.33E,37.51N,China
sample784,Landrace,ShanXi,112.33E,37.51N,China
sample786,Improved_cultivar,FuJian,118.04E,24.26N,China
sample787,Landrace,ShanDong,120.18E,36.03N,China
sample788,Improved_cultivar,HeiLongJiang,126.64E,45.76N,China
sample789,Improved_cultivar,HeNan,113.40E,34.46N,China
sample790,Landrace,JiangSu,118.75E,32.04N,China
sample1616,Landrace,JiLin,125.18E,43.55N,China
sample791,Landrace,LiaoNing,123.23E,41.48N,China
sample1618,Landrace,GuiZhou,106.72E,26.57N,China
sample797,Improved_cultivar,JiLin,125.18E,43.55N,China
sample808,Improved_cultivar,BeiJing,116.28E,39.54N,China
sample810,Improved_cultivar,BeiJing,116.28E,39.54N,China
sample811,Improved_cultivar,BeiJing,116.28E,39.54N,China
sample1991,Improved_cultivar,BeiJing,116.28E,39.54N,China
sample812,Improved_cultivar,BeiJing,116.28E,39.54N,China
sample813,Improved_cultivar,BeiJing,116.28E,39.54N,China
sample815,Improved_cultivar,BeiJing,116.28E,39.54N,China
sample2198,Improved_cultivar,ShanDong,120.18E,36.03N,China
sample816,Improved_cultivar,ShanDong,120.18E,36.03N,China
sample818,Improved_cultivar,BeiJing,116.28E,39.54N,China
sample819,Improved_cultivar,BeiJing,116.28E,39.54N,China
sample820,Improved_cultivar,BeiJing,116.28E,39.54N,China
sample821,Improved_cultivar,BeiJing,116.28E,39.54N,China
sample822,Improved_cultivar,BeiJing,116.28E,39.54N,China
sample138,Improved_cultivar,JiLin,125.18E,43.55N,China
